[
  {
    "deal_id": "44693ac55ce234ce7182965e7e62e155f096d95a2842faa8e90efcb88fa04f39",
    "title": "Visa Card : Get Rs.750 Paytm Cashback Coupon",
    "price": "N/A",
    "discount": "N/A",
    "store": "Others",
    "image": "https://cdn1.desidime.com/forums/1/original/Hot-deals-online.png?1524486568",
    "url": "https://visit.desidime.com/visit/new-get-deals-1/1963794",
    "posted_on": "2025-06-05T17:37:08.213Z"
  },
  {
    "deal_id": "6c36edcc6b9acedf3bef9b497e28f24f059067e49676d2ced80b0f679b72d21a",
    "title": "Polycab Silencio Mini DLX 1200mm 5-Star Advanced BLDC, Remote Ceiling fan | 3+1 Years Warranty?Satin White?",
    "price": "₹3049",
    "originalPrice": "₹6499",
    "discount": "53% off",
    "store": "amazon",
    "image": "https://www.dealsmagnet.com/images/polycab-silencio-mini-dlx-1200mm-5-star-advanced-b-o-1bjWWc9z.jpg",
    "dealUrl": "https://www.dealsmagnet.com/buy?d=1bjWWc9z&utm_content=OXoxNzQ5MTI1MjI5",
    "posted_on": "2025-06-05T17:37:11.371Z"
  },
  {
    "deal_id": "161d8083be645fc22f99c498933e91e339e646b133fad37154d606be2930eaae",
    "title": "Set Wet Deodrants Upto 65% Off",
    "price": "N/A",
    "discount": "65% OFF",
    "store": "Myntra",
    "image": "https://cdn2.desidime.com/topics/photos/1963816/original/2ff73b64-7cf0-4682-ac36-58301a8c79261656564936219SetWetMenSetofCool-CharmSwagAvatarDeodorantBodySprayPerfume-1.jpg?1749125100",
    "url": "https://visit.desidime.com/visit/new-get-deals-1/1963816",
    "posted_on": "2025-06-05T17:36:47.541Z"
  },
  {
    "deal_id": "ea89f6ae6d46a5d7ea7739559408403b59a82589e7764a48e7cb0fabaf536e17",
    "title": "Up to 76% Off on Glito",
    "price": "N/A",
    "discount": "76% OFF",
    "store": "Ajio",
    "image": "https://cdn2.desidime.com/topics/photos/1963815/original/glito_marron_ribbed_polo_top.jpg?1749125096",
    "url": "https://visit.desidime.com/visit/new-get-deals-1/1963815",
    "posted_on": "2025-06-05T17:36:47.544Z"
  },
  {
    "deal_id": "9881702f20825ab780d4bc9d341fbb7bf029a46cd7bf9f357646129f2f7b509c",
    "title": "JioMart- Onion Rs5 kg [only for today]",
    "price": "5",
    "discount": "88% OFF",
    "store": "JioMart",
    "image": "https://cdn0.desidime.com/topics/photos/1963814/original/logo-fb.png?1749125037",
    "url": "https://visit.desidime.com/visit/new-get-deals-1/1963814",
    "posted_on": "2025-06-05T17:36:47.545Z"
  },
  {
    "deal_id": "414a5248beb26e867cc2dcb76d16061c2c9c750303d51546b3f995d715b515a1",
    "title": "Police Deofrants Upto 70% Off",
    "price": "N/A",
    "discount": "70% OFF",
    "store": "Myntra",
    "image": "https://cdn2.desidime.com/topics/photos/1963813/original/69a65ce2-76f0-43df-bd9b-cd088911e8361704959081875-Police-Men-Extreme-Deodorant-Body-Spray---200ml-680170495908-2.jpg?1749124989",
    "url": "https://visit.desidime.com/visit/new-get-deals-1/1963813",
    "posted_on": "2025-06-05T17:36:47.546Z"
  },
  {
    "deal_id": "6efaa9465a9a25bff156595ab3d86db2b7a56cbf0b940241c0f4679923a44179",
    "title": "Up to 91% Off on Kuchipoo",
    "price": "N/A",
    "discount": "91% OFF",
    "store": "Ajio",
    "image": "https://cdn0.desidime.com/topics/photos/1963812/original/kuchipoo_multicoloured_men_typographic_print_crew-neck_t-shirt.jpg?1749124978",
    "url": "https://visit.desidime.com/visit/new-get-deals-1/1963812",
    "posted_on": "2025-06-05T17:36:47.547Z"
  },
  {
    "deal_id": "9d4a7e8aa2bfa729880198602579b149a0d59eb2d9fed9feae211286461997aa",
    "title": "Instamart - Ujala Liquid Detergent - Front Load 4L(location specific) [MaxxSa...",
    "price": "291",
    "discount": "60% OFF",
    "store": "Swiggy",
    "image": "https://cdn3.desidime.com/topics/photos/1963811/original/1000247665.jpg?1749124904",
    "url": "https://visit.desidime.com/visit/new-get-deals-1/1963811",
    "posted_on": "2025-06-05T17:36:47.548Z"
  },
  {
    "deal_id": "f4978301abe7e417f8ecf67cef2a68c71bcc67e0766eb5966590175d8b93e99d",
    "title": "Whirlpool 431 L 2 Star IntelliFresh Convertible Inverter Frost Free Double Do...",
    "price": "34490",
    "discount": "49% OFF",
    "store": "Amazon",
    "image": "https://cdn0.desidime.com/topics/photos/1963810/original/61ntpSkM78L._SL1500_.jpg?1749124851",
    "url": "https://visit.desidime.com/visit/new-get-deals-1/1963810",
    "posted_on": "2025-06-05T17:36:47.548Z"
  },
  {
    "deal_id": "0c17a9f8d3b5470bd7d2fc8dcd06440bc9e427c7325295b4407b73df9607dfcd",
    "title": "Flat 75% Off On UCB Kids Clothing",
    "price": "N/A",
    "discount": "75% OFF",
    "store": "Myntra",
    "image": "https://cdn0.desidime.com/topics/photos/1963809/original/Screenshot2025-06-05172512.png?1749124534",
    "url": "https://visit.desidime.com/visit/new-get-deals-1/1963809",
    "posted_on": "2025-06-05T17:36:47.549Z"
  },
  {
    "deal_id": "68ff0eebc6de4cc36bd07fcb969646235f42a2e8d7740f72012cb91230e9cabf",
    "title": "Swiggy Instamart\n\nSearch THIRTY3\n\nChennai Available",
    "price": "19",
    "discount": "80% OFF",
    "store": "Swiggy",
    "image": "https://cdn3.desidime.com/topics/photos/1963808/original/Hot-deals-online.png?1749124432",
    "url": "https://visit.desidime.com/visit/search-1-get-deals-1/1963808",
    "posted_on": "2025-06-05T17:36:47.551Z"
  },
  {
    "deal_id": "b13593ce434fd4e065eeb172715f3704605ab883cd74725c33d40d274b4c8852",
    "title": "Cello Hercules Mixer Grinder 750 Watt Black (Wet Jar - 1.2L, Dry Jar - 1L, Ch...",
    "price": "2399",
    "discount": "55% OFF",
    "store": "Amazon",
    "image": "https://cdn3.desidime.com/topics/photos/1963807/original/71tyKsNH40L._SX679_.jpg?1749124279",
    "url": "https://visit.desidime.com/visit/new-get-deals-1/1963807",
    "posted_on": "2025-06-05T17:36:47.552Z"
  },
  {
    "deal_id": "cdb256fc2b80e1eeb3f72a5eeba16054ed6fa06f3e4268fe80534bd84c75ab2e",
    "title": "Instamart - Ariel Top Load Matic Liquid Detergent 3.2L(location specific) [Ma...",
    "price": "300",
    "discount": "54% OFF",
    "store": "Swiggy",
    "image": "https://cdn0.desidime.com/topics/photos/1963806/original/1000247654.jpg?1749124191",
    "url": "https://visit.desidime.com/visit/new-get-deals-1/1963806",
    "posted_on": "2025-06-05T17:36:47.554Z"
  },
  {
    "deal_id": "a8c6a8db0e9543bd07cffb307f8d362bfd38627ec69a98f4feb744d0e20beb66",
    "title": "Swiggy Instamart : Thirty3  Juice upto 84% Off",
    "price": "30",
    "discount": "84% OFF",
    "store": "Others",
    "image": "https://cdn3.desidime.com/topics/photos/1963805/original/1000092718.jpg?1749124435",
    "url": "https://visit.desidime.com/visit/new-get-deals-1/1963805",
    "posted_on": "2025-06-05T17:36:47.555Z"
  },
  {
    "deal_id": "3fee293a0eec45d4b901572527c8cc009cff5890d8bfb5f4bebeb802bd9294f3",
    "title": "75% Coinsback on TAC Beauty Products",
    "price": "249",
    "discount": "17% OFF",
    "store": "Flipkart",
    "image": "https://cdn2.desidime.com/topics/photos/1963804/original/WhatsAppImage2025-06-05at5.19.05PM.jpeg?1749124178",
    "url": "https://visit.desidime.com/visit/new-get-deals-1/1963804",
    "posted_on": "2025-06-05T17:36:47.555Z"
  },
  {
    "deal_id": "6016d207a4198e5a6344126deabec17f878af5727b10a9161a1d615ea866ef14",
    "title": "Miss & Chief by Flipkart Transparent Gear Light & Sound Train Engine For Kids...",
    "price": "205",
    "discount": "89% OFF",
    "store": "Flipkart",
    "image": "https://cdn1.desidime.com/topics/photos/1963803/original/IMG20250605171258.jpg?1749123814",
    "url": "https://visit.desidime.com/visit/new-get-deals-1/1963803",
    "posted_on": "2025-06-05T17:36:47.555Z"
  },
  {
    "deal_id": "cdc4df40f685ed1e8c3018caed9f076b8cde904ab62be0d5c4e94ac54a8a5b72",
    "title": "Zebronics ZEB-COUNTY 3W Wireless Bluetooth Portable Speaker",
    "price": "499",
    "discount": "50% OFF",
    "store": "Amazon",
    "image": "https://cdn3.desidime.com/topics/photos/1963802/original/71wAXhzCmnS._SX522_.jpg?1749123684",
    "url": "https://visit.desidime.com/visit/new-get-deals-1/1963802",
    "posted_on": "2025-06-05T17:36:47.556Z"
  },
  {
    "deal_id": "2f07f274a3ab8ad5ea4e71d36e64c4e94b6cc47548b8d3c4d6ea5d1f3586ee8c",
    "title": "Bergner MasterPro Instant Pot, 1500W, 6L Electric Pressure Cooker,Outer Lid, ...",
    "price": "7200",
    "discount": "64% OFF",
    "store": "Amazon",
    "image": "https://cdn1.desidime.com/topics/photos/1963801/original/61fZfLWWDTL._SL1500_.jpg?1749123582",
    "url": "https://visit.desidime.com/visit/new-get-deals-1/1963801",
    "posted_on": "2025-06-05T17:36:47.557Z"
  },
  {
    "deal_id": "b68cdeedf1b2fb89158b6ebf10503519e284e55d5e1ddb08035309bc1e8818c8",
    "title": "Kook N Keech Shirts Starting from Rs.199",
    "price": "199",
    "discount": "80% OFF",
    "store": "Myntra",
    "image": "https://cdn2.desidime.com/topics/photos/1963799/original/hyI8EKPT_66a9884b9a2141f689d7e4f3db86d3fb.jpg?1749123449",
    "url": "https://visit.desidime.com/visit/new-get-deals-1/1963799",
    "posted_on": "2025-06-05T17:36:47.562Z"
  },
  {
    "deal_id": "cf54a29301c0709b0c37e32e17aca74f119a11d004df4fe084572a4fcd69b86e",
    "title": "Havells Active Touch 25W Golden & Black Uv & Uf Water Purifier, Ghwuotl060",
    "price": "8100",
    "discount": "35% OFF",
    "store": "Amazon",
    "image": "https://cdn3.desidime.com/topics/photos/1963797/original/610AntHaDLL._SX679_.jpg?1749123360",
    "url": "https://visit.desidime.com/visit/new-get-deals-1/1963797",
    "posted_on": "2025-06-05T17:36:47.562Z"
  },
  {
    "deal_id": "1d8e14656b08b53fd90bf3781b3206f4f6c34844bff0008c89b9b3d2a2b3f17e",
    "title": "Lloyd 1.0 Ton 3 Star Inverter Split AC",
    "price": "27740",
    "discount": "45% OFF",
    "store": "Amazon",
    "image": "https://cdn0.desidime.com/topics/photos/1963795/original/41BJCIurt6L._SX679_.jpg?1749123229",
    "url": "https://visit.desidime.com/visit/new-get-deals-1/1963795",
    "posted_on": "2025-06-05T17:36:47.563Z"
  },
  {
    "deal_id": "bb017440d6497a41924d0ac428f8dbc1b86896dc54f45b99fc50284144f1b478",
    "title": "Upto 70% Off on Police Deodorant | Start @ 134",
    "price": "₹0",
    "originalPrice": "0",
    "discount": " ",
    "store": "myntra",
    "image": "https://www.dealsmagnet.com/images/minimum-60-off-on-police-parfum-o-1ao03mVL.jpg",
    "dealUrl": "https://www.dealsmagnet.com/buy?d=1ao03mVL&utm_content=VkwxNzQ5MTI1MjA5",
    "posted_on": "2025-06-05T17:36:50.448Z"
  },
  {
    "deal_id": "905693cc50a6d7736f921daa652d61855f30bf39cc81006254912445610f2c39",
    "title": "Voltas Beko I1000VD-BU 1000 W Dry Iron (Blue)",
    "price": "₹399",
    "originalPrice": "₹990",
    "discount": "60% off",
    "store": "flipkart",
    "image": "https://www.dealsmagnet.com/images/voltas-beko-i1000vd-bu-1000-w-dry-iron-blue-o-1bcSrbrI.jpg",
    "dealUrl": "https://www.dealsmagnet.com/buy?d=1bcSrbrI&utm_content=ckkxNzQ5MTI1MjA5",
    "posted_on": "2025-06-05T17:36:50.451Z"
  },
  {
    "deal_id": "0b9ab5088895219951e55f821cc115619102bbfd4353659f1754b511ad2cb14c",
    "title": "London Hills Men's polyester Regular Fit T-Shirt",
    "price": "₹352",
    "originalPrice": "₹3897",
    "discount": "91% off",
    "store": "amazon",
    "image": "https://www.dealsmagnet.com/images/london-hills-mens-polyester-regular-fit-t-shirt-o-1bogUgja.jpg",
    "dealUrl": "https://www.dealsmagnet.com/buy?d=1bogUgja&utm_content=amExNzQ5MTI1MjA5",
    "posted_on": "2025-06-05T17:36:50.453Z"
  },
  {
    "deal_id": "12da16095d2cde1d7c3668f4339dde871b1e6ebe9450130f7e92c3985bf34056",
    "title": "MVMT Boulevard Analog Black Dial Women's Watch-D-MB01-RGBL",
    "price": "₹4956",
    "originalPrice": "₹12435",
    "discount": "60% off",
    "store": "amazon",
    "image": "https://www.dealsmagnet.com/images/mvmt-boulevard-analog-black-dial-womens-watch-d-mb-o-1bo6e8O7.jpg",
    "dealUrl": "https://www.dealsmagnet.com/buy?d=1bo6e8O7&utm_content=TzcxNzQ5MTI1MjA5",
    "posted_on": "2025-06-05T17:36:50.455Z"
  },
  {
    "deal_id": "d3a4ead40cbff0467758b5c7898ed02c34d170ee2a8582f2b1431922c1616ff8",
    "title": "[Extra Rs 9500 Off] Whirlpool 431 L 2 Star IntelliFresh Convertible Inverter Frost Free Double Door Refrigerator (IF INV CNV 480 ALPHA STEEL-Z, 2S, 2023 Model)",
    "price": "₹34490",
    "originalPrice": "₹72900",
    "discount": "53% off",
    "store": "amazon",
    "image": "https://www.dealsmagnet.com/images/whirlpool-431-l-2-star-intellifresh-convertible-in-o-19QtAeGm.jpg",
    "dealUrl": "https://www.dealsmagnet.com/buy?d=19QtAeGm&utm_content=R20xNzQ5MTI1MjA5",
    "posted_on": "2025-06-05T17:36:50.457Z"
  },
  {
    "deal_id": "8d58e0d6d64fe3d6d71f57d7d52e859285bd5109745399a12988628f08c440cf",
    "title": "Axe Gold Temptation Long Lasting Deodorant Bodyspray For Men - 215ml",
    "price": "₹111",
    "originalPrice": "₹320",
    "discount": "65% off",
    "store": "amazon",
    "image": "https://www.dealsmagnet.com/images/axe-gold-temptation-long-lasting-deodorant-bodyspr-o-18ElioSZ.jpg",
    "dealUrl": "https://www.dealsmagnet.com/buy?d=18ElioSZ&utm_content=U1oxNzQ5MTI1MjA5",
    "posted_on": "2025-06-05T17:36:50.458Z"
  },
  {
    "deal_id": "7841e097f5264b5b975940462acb5ecd523d41085efc99df04de95ae60303930",
    "title": "Sunon Electric Standing Desk Adjustable Height Sit Stand Home Office Desk with Splice Board",
    "price": "₹9000",
    "originalPrice": "₹42999",
    "discount": "79% off",
    "store": "amazon",
    "image": "https://www.dealsmagnet.com/images/sunon-electric-standing-desk-adjustable-height-sit-o-1b6gjmOP.jpg",
    "dealUrl": "https://www.dealsmagnet.com/buy?d=1b6gjmOP&utm_content=T1AxNzQ5MTI1MjA5",
    "posted_on": "2025-06-05T17:36:50.459Z"
  },
  {
    "deal_id": "7d3426daab7998779a45837b3d4a96a3504b5d897bac5ac27ffd06e0c67ca512",
    "title": "Swiggy Instamart Loot : Search Thirty3",
    "price": "₹0",
    "originalPrice": "0",
    "discount": " ",
    "store": "swiggy",
    "image": "https://www.dealsmagnet.com/images/swiggy-instamart-loot-search-thirty3-o-1bogQ4bd.jpg",
    "dealUrl": "https://www.dealsmagnet.com/buy?d=1bogQ4bd&utm_content=YmQxNzQ5MTI1MjA5",
    "posted_on": "2025-06-05T17:36:50.459Z"
  },
  {
    "deal_id": "041f1197b2cd4783bee0803267c55715fd539eb24fda264e2aee44d4cc59e963",
    "title": "Kidsmate Hyrider 6V Electric Kids Bike with Rechargeable 6.5 Ah Battery Inbuilt Imported Motor Drive - Red",
    "price": "₹2899",
    "originalPrice": "₹11999",
    "discount": "76% off",
    "store": "amazon",
    "image": "https://www.dealsmagnet.com/images/kidsmate-hyrider-6v-electric-kids-bike-with-rechar-o-1amU5ou9.jpg",
    "dealUrl": "https://www.dealsmagnet.com/buy?d=1amU5ou9&utm_content=dTkxNzQ5MTI1MjA5",
    "posted_on": "2025-06-05T17:36:50.460Z"
  },
  {
    "deal_id": "77a622155400107b7b554ba959a30009034d15ce6994eb6ea2ea8f9e6fed02e7",
    "title": "Pigeon by Stovekraft Basics Aluminium Non Stick, Non Induction Base Frypan, 220 mm, Red",
    "price": "₹439",
    "originalPrice": "₹895",
    "discount": "51% off",
    "store": "amazon",
    "image": "https://www.dealsmagnet.com/images/pigeon-by-stovekraft-basics-aluminium-non-stick-no-o-19wutfyt.jpg",
    "dealUrl": "https://www.dealsmagnet.com/buy?d=19wutfyt&utm_content=eXQxNzQ5MTI1MjA5",
    "posted_on": "2025-06-05T17:36:50.461Z"
  },
  {
    "deal_id": "71c64aa3b976f90ac76c1e7edbc2b6d70fe0964aaeade8dc5b7b447388edd584",
    "title": "[Extra Rs 3250 Off] Lloyd 1 Ton 3 Star Inverter Split AC (5 in 1 Convertible, GLS12I3FWAEV/WAEA)",
    "price": "₹27990",
    "originalPrice": "₹49990",
    "discount": "44% off",
    "store": "amazon",
    "image": "https://www.dealsmagnet.com/images/lloyd-1-0-ton-3-star-inverter-split-ac-o-19cjg5xZ.jpg",
    "dealUrl": "https://www.dealsmagnet.com/buy?d=19cjg5xZ&utm_content=eFoxNzQ5MTI1MjA5",
    "posted_on": "2025-06-05T17:36:50.462Z"
  },
  {
    "deal_id": "d84821ab49ebe4d826d586ca300780f90256c98ea1fe7b8934a37c2c5a80f146",
    "title": "KOTTY Women's Single Breasted Relaxed Fit Shawl Collar 3/4 Sleeve Blazer",
    "price": "₹292",
    "originalPrice": "₹1999",
    "discount": "85% off",
    "store": "amazon",
    "image": "https://www.dealsmagnet.com/images/kotty-womens-single-breasted-relaxed-fit-shawl-col-o-1a0oG8tN.jpg",
    "dealUrl": "https://www.dealsmagnet.com/buy?d=1a0oG8tN&utm_content=dE4xNzQ5MTI1MjA5",
    "posted_on": "2025-06-05T17:36:50.462Z"
  },
  {
    "deal_id": "c604cbac8f4d709505bee9cb50cfbd0b522ccf394dabaa4b1a81976e9d501ea6",
    "title": "Dabur Almond Hair Oil 580ml (290ml*2)",
    "price": "₹219",
    "originalPrice": "₹390",
    "discount": "44% off",
    "store": "amazon",
    "image": "https://www.dealsmagnet.com/images/dabur-almond-hair-oil-600ml-300ml-o-18CfQ7Pz.jpg",
    "dealUrl": "https://www.dealsmagnet.com/buy?d=18CfQ7Pz&utm_content=UHoxNzQ5MTI1MjA5",
    "posted_on": "2025-06-05T17:36:50.462Z"
  },
  {
    "deal_id": "7e4288a7e534bd3a38a2f73b7da0216fcd1c81e4c88b7989d7224f9b441a0f33",
    "title": "Eclet Paint Brush Combo 6 Flat or 6 Round",
    "price": "₹69",
    "originalPrice": "₹499",
    "discount": "86% off",
    "store": "amazon",
    "image": "https://www.dealsmagnet.com/images/eclet-paint-brush-combo-6-flat-or-6-round-o-19AJI8Y7.jpg",
    "dealUrl": "https://www.dealsmagnet.com/buy?d=19AJI8Y7&utm_content=WTcxNzQ5MTI1MjA5",
    "posted_on": "2025-06-05T17:36:50.463Z"
  },
  {
    "deal_id": "d8bc75dc6e8e2e00bbd660ad1dcee5282d10f01c0481c9faf8b40b71fa0409a4",
    "title": "snackinn Peanut Butter Combo Pack CLASSIC CRUNCHY | 3 Jars 250g Each (750 g)",
    "price": "₹201",
    "originalPrice": "₹417",
    "discount": "52% off",
    "store": "flipkart",
    "image": "https://www.dealsmagnet.com/images/snackinn-peanut-butter-combo-pack-classic-crunchy--o-1bn8WdPj.jpg",
    "dealUrl": "https://www.dealsmagnet.com/buy?d=1bn8WdPj&utm_content=UGoxNzQ5MTI1MjA5",
    "posted_on": "2025-06-05T17:36:50.463Z"
  },
  {
    "deal_id": "f6733754d51370ad02357d14253b0a60cce238ced18ac5edbc30b9267e44d642",
    "title": "Primelife Plastic Water Bottle, 1100ml, Campash",
    "price": "₹139",
    "originalPrice": "₹499",
    "discount": "72% off",
    "store": "amazon",
    "image": "https://www.dealsmagnet.com/images/primelife-plastic-water-bottle-1100ml-campash-o-19g2qpkU.jpg",
    "dealUrl": "https://www.dealsmagnet.com/buy?d=19g2qpkU&utm_content=a1UxNzQ5MTI1MjA5",
    "posted_on": "2025-06-05T17:36:50.464Z"
  },
  {
    "deal_id": "6838d6e2390a9035c259fdc8afbf8b6892b5db95edb9357f3a3873f48b12a1b4",
    "title": "Doms Color Erasers Jar Pack | For Clean & Clear Erasing | Pack of 100 Erasers",
    "price": "₹100",
    "originalPrice": "0",
    "discount": " ",
    "store": "amazon",
    "image": "https://www.dealsmagnet.com/images/doms-color-erasers-jar-pack-for-clean-clear-erasin-o-1bogrnVe.jpg",
    "dealUrl": "https://www.dealsmagnet.com/buy?d=1bogrnVe&utm_content=VmUxNzQ5MTI1MjA5",
    "posted_on": "2025-06-05T17:36:50.464Z"
  },
  {
    "deal_id": "69e52ffc3cf2ee93384861723c90960341b284cb3007b1cf52fbafda1accc349",
    "title": "OnePlus Nord CE4 Lite 5G (8GB RAM + 128GB Storage)",
    "price": "₹15998",
    "originalPrice": "₹20999",
    "discount": "24% off",
    "store": "amazon",
    "image": "https://www.dealsmagnet.com/images/OnePlus-Nord-CE4-Lite-5G-o-1acl6iEk.jpg",
    "dealUrl": "https://www.dealsmagnet.com/buy?d=1acl6iEk&utm_content=RWsxNzQ5MTI1MjA5",
    "posted_on": "2025-06-05T17:36:50.465Z"
  },
  {
    "deal_id": "4635c5a3dcd751ac358a4af190a14d73f1052c69834f7a74a65371de48eccaa5",
    "title": "MAGGI 2-Minute Instant Noodles, Masala Noodles 70G ( Pack Of 12 ), 840 Gram",
    "price": "₹137",
    "originalPrice": "₹180",
    "discount": "24% off",
    "store": "amazon",
    "image": "https://www.dealsmagnet.com/images/Maggi-2-Minute-Noodles-Masala-70g-Pack-of-12-o-13BDhbtW.jpg",
    "dealUrl": "https://www.dealsmagnet.com/buy?d=13BDhbtW&utm_content=dFcxNzQ5MTI1MjA5",
    "posted_on": "2025-06-05T17:36:50.466Z"
  },
  {
    "deal_id": "da96babc5bddbae2856ce07940a119ef9f360a45d76afebce002da790dac675b",
    "title": "Safari Genius Alley Set of 3 (Cabin + Medium + Large) Trolley Bags Hard, Navy",
    "price": "₹5099",
    "originalPrice": "₹27997",
    "discount": "82% off",
    "store": "amazon",
    "image": "https://www.dealsmagnet.com/images/safari-genius-alley-set-of-3-cabin-medium-large-tr-o-1bgfc3Y4.jpg",
    "dealUrl": "https://www.dealsmagnet.com/buy?d=1bgfc3Y4&utm_content=WTQxNzQ5MTI1MjA5",
    "posted_on": "2025-06-05T17:36:50.467Z"
  },
  {
    "deal_id": "5c78e5ce046bc57d59a794f7aa0549e81eecbd34e30879f068535bdbb0befc7a",
    "title": "amazon basics Smart Laptop Backpack | Fits 15.6 Inch Laptop",
    "price": "₹377",
    "originalPrice": "₹2499",
    "discount": "85% off",
    "store": "amazon",
    "image": "https://www.dealsmagnet.com/images/amazon-basics-smart-laptop-backpack-fits-15-6-inch-o-1bogi8iK.jpg",
    "dealUrl": "https://www.dealsmagnet.com/buy?d=1bogi8iK&utm_content=aUsxNzQ5MTI1MjA5",
    "posted_on": "2025-06-05T17:36:50.468Z"
  },
  {
    "deal_id": "fcff63db470c5ae4e0d9f2f27cf5ed33d0b30eb5e8356024a6230046f8406279",
    "title": "Kook N Keech Shirts Starts ₹199 | Upto 80% Off",
    "price": "₹0",
    "originalPrice": "0",
    "discount": " ",
    "store": "myntra",
    "image": "https://www.dealsmagnet.com/images/kook-n-keech-shirts-starts-233-upto-87-off-o-19rw1cNz.jpg",
    "dealUrl": "https://www.dealsmagnet.com/buy?d=19rw1cNz&utm_content=TnoxNzQ5MTI1MjA5",
    "posted_on": "2025-06-05T17:36:50.469Z"
  },
  {
    "deal_id": "0cb3b8cdb8e85b9f64972ea655f5ef66c90f99df1319ec49e94b2d4e96b8999a",
    "title": "Bestor Aluminum Alloy Adjustable Portable Foldable Laptop Stand",
    "price": "₹300",
    "originalPrice": "₹1598",
    "discount": "81% off",
    "store": "flipkart",
    "image": "https://www.dealsmagnet.com/images/bestor-aluminum-alloy-adjustable-portable-foldable-o-1boggjeG.jpg",
    "dealUrl": "https://www.dealsmagnet.com/buy?d=1boggjeG&utm_content=ZUcxNzQ5MTI1MjA5",
    "posted_on": "2025-06-05T17:36:50.470Z"
  },
  {
    "deal_id": "6d5b9a17a4ffa097d5f0900a66652dad84648b5d32d944821875bc25c213fa89",
    "title": "Neonnest Multipurpose Foldable Engineered Wood Laptop Table/Desk with Cup Holder, MAC/Tablet Holder I Study Table I Bed & Breakfast Table I Portable I Ergonomic | Round Edges I Non-Slip Legs - Brown",
    "price": "₹371",
    "originalPrice": "₹1999",
    "discount": "81% off",
    "store": "amazon",
    "image": "https://www.dealsmagnet.com/images/neonnest-multipurpose-foldable-engineered-wood-lap-o-1aI023ge.jpg",
    "dealUrl": "https://www.dealsmagnet.com/buy?d=1aI023ge&utm_content=Z2UxNzQ5MTI1MjA5",
    "posted_on": "2025-06-05T17:36:50.470Z"
  },
  {
    "deal_id": "5f1ccb367d781890728d118fe552cb5e731ee55be76f9e1aa01bde3548727e30",
    "title": "Flat 81% Off On Adidas Mens Sunglasses",
    "price": "N/A",
    "discount": "81% OFF",
    "store": "Flipkart",
    "image": "https://cdn2.desidime.com/merchants/1/original/Flipkart-Logo-2015-present.jpg?1659952678",
    "url": "https://www.flipkart.com/search?sid=26x&q=adidas+sunglasses+men&as=on&sort=price_asc",
    "posted_on": "2025-06-05T16:35:49.070Z"
  },
  {
    "deal_id": "000e3c5566194a97c53c69472853ade89a6edc23d63c424f23f81699e9aeca33",
    "title": "Zepto : Up to 60% Off on Saunf ,Small Sago & More ( Location Specific )",
    "price": "63",
    "discount": "61% OFF",
    "store": "Zepto",
    "image": "https://cdn1.desidime.com/topics/photos/1963778/original/Screenshot20.jpg?1749121313",
    "url": "https://www.zeptonow.com/pn/smart-one-saunf/pvid/7bc3538f-90dd-4f9b-b633-2fb3e2c72e00",
    "posted_on": "2025-06-05T16:35:49.071Z"
  },
  {
    "deal_id": "7b4fa45b6e352530693fcfda690e1605efacc9a8187e3641768308593a17a7d0",
    "title": "Flat 81% Off On Adidas Men's Sunglasses",
    "price": "N/A",
    "discount": "81% OFF",
    "store": "Flipkart",
    "image": "https://cdn3.desidime.com/topics/photos/1963777/original/l-art0489180-adidas-original-imah2yqrfgnfhhpx.jpeg?1749121281",
    "url": "https://www.flipkart.com/search?sid=26x&q=adidas+sunglasses+men&as=on&sort=popularity",
    "posted_on": "2025-06-05T16:35:49.071Z"
  },
  {
    "deal_id": "33a5a47209e2414a0006b2c746a9cbde7e4f5fc705d63c06a84044c1690af838",
    "title": "Safari Genius Alley Set of 3 (Cabin + Medium + Large) Trolley Bags Hard, Navy",
    "price": "₹5099",
    "originalPrice": "₹27997",
    "discount": "82% off",
    "store": "amazon",
    "image": "https://www.dealsmagnet.com/images/safari-genius-alley-set-of-3-cabin-medium-large-tr-o-1bgfc3Y4.jpg",
    "dealUrl": "https://www.amazon.in/dp/B0F67KYF8J",
    "posted_on": "2025-06-05T16:36:32.833Z"
  },
  {
    "deal_id": "a3b429876f59301db91300b91d813c7227fa55e7562b48251f1e6990d8fd72f9",
    "title": "Wintage Men's Clothing Accessories Upto 78% Off",
    "price": "₹0",
    "originalPrice": "0",
    "discount": " ",
    "store": "amazon",
    "image": "https://www.dealsmagnet.com/images/wintage-mens-clothing-accessories-upto-78-off-o-1bogahbc.jpg",
    "dealUrl": "https://www.amazon.in/dealsmagnet-com/s?k=WINTAGE&i=apparel&rh=n%3A1968024031%2Cp_123%3A45990%2Cp_n_pct-off-with-tax%3A27060457031&dc=&ds=v1%3AvZbR6POZ%2FutlU+lgNoi%2FyIABQkgSTXMpQno82iwoMwQ&qid=1749120009&rnid=2665398031&ref=sr_nr_p_n_pct-off-with-tax_6",
    "posted_on": "2025-06-05T16:28:56.491Z"
  },
  {
    "deal_id": "5fa39f04a5e0731e00ef59b577d16041cfb844eedd6b794933a64ed6a43788bb",
    "title": "amazon basics Smart Laptop Backpack | Fits 15.6 Inch Laptop",
    "price": "₹377",
    "originalPrice": "₹2499",
    "discount": "85% off",
    "store": "amazon",
    "image": "https://www.dealsmagnet.com/images/amazon-basics-smart-laptop-backpack-fits-15-6-inch-o-1bogi8iK.jpg",
    "dealUrl": "https://www.amazon.in/dp/B0DDJK4PH8?psc=1",
    "posted_on": "2025-06-05T16:27:24.011Z"
  },
  {
    "deal_id": "8c9393bb7481e9e00d0d004116815db3627d132eb277a792fba3958714f92e0e",
    "title": "Kook N Keech Shirts Starts ₹199 | Upto 80% Off",
    "price": "₹0",
    "originalPrice": "0",
    "discount": " ",
    "store": "myntra",
    "image": "https://www.dealsmagnet.com/images/kook-n-keech-shirts-starts-233-upto-87-off-o-19rw1cNz.jpg",
    "dealUrl": "https://www.myntra.com/kook-n-keech-shirts?sort=price_asc&admitad_uid=90eef06c293949cf86bea458517210b3&tagtag_uid=90eef06c293949cf86bea458517210b3",
    "posted_on": "2025-06-05T16:27:24.343Z"
  },
  {
    "deal_id": "5f281a3ce3b62c9b2ce216339b48ed656fdc0e9ad98df22bafac5d1dff8a16cc",
    "title": "Bestor Aluminum Alloy Adjustable Portable Foldable Laptop Stand",
    "price": "₹300",
    "originalPrice": "₹1598",
    "discount": "81% off",
    "store": "flipkart",
    "image": "https://www.dealsmagnet.com/images/bestor-aluminum-alloy-adjustable-portable-foldable-o-1boggjeG.jpg",
    "dealUrl": "https://www.flipkart.com/pricehistory.app/p/b/?pid=LASFZZSZEKW4GWEZ",
    "posted_on": "2025-06-05T16:27:26.808Z"
  },
  {
    "deal_id": "34b712ca118025840ccacacf3aa163208e7ebe1a517fc09a8703615407150967",
    "title": "AARON INC Non Woven 3 Pieces Flower Print 3 Pieces Polka Dot Print Saree Cove...",
    "price": "179",
    "discount": "60% OFF",
    "store": "Amazon",
    "image": "https://cdn2.desidime.com/topics/photos/1963775/original/815sh9bBXEL._SX679_.jpg?1749120782",
    "url": "https://www.amazon.in/dp/B0BVR1CMBJ",
    "posted_on": "2025-06-05T16:23:29.426Z"
  },
  {
    "deal_id": "20525611eba196c18fa17d32ec8f7a53c28c85750caa22cc36cd99a3c4d881c4",
    "title": "boAt Aavante Bar 950 Bluetooth Soundbar w/ 40W Signature Sound, RGB LEDs, Dua...",
    "price": "2549",
    "discount": "68% OFF",
    "store": "Amazon",
    "image": "https://cdn3.desidime.com/topics/photos/1963774/original/81RQ0yTAUhL._SL1500_.jpg?1749120493",
    "url": "https://www.amazon.in/dp/B0DBHC8CDQ",
    "posted_on": "2025-06-05T16:23:29.429Z"
  },
  {
    "deal_id": "cdd604a1b1c6f5ee225812bbf45e4a2d999b01da4e39b21942b82cdb89b03435",
    "title": "Tshirt for 2 month old baby @6rs",
    "price": "6",
    "discount": "90% OFF",
    "store": "Meesho",
    "image": "https://cdn1.desidime.com/merchants/2298/original/meesho.png?1742967983",
    "url": "https://www.meesho.com/s/p/826uac",
    "posted_on": "2025-06-05T16:23:29.430Z"
  },
  {
    "deal_id": "84a93f58c69081f03762c75f8e2a4fc117091a1cf317b03a439873f4320e5e95",
    "title": "ThermoPro TP53 Hygrometer Humidity Gauge Indicator Digital Indoor Thermometer...",
    "price": "1128",
    "discount": "72% OFF",
    "store": "Amazon",
    "image": "https://cdn3.desidime.com/topics/photos/1963772/original/618sRYBjFvL._SL1500_.jpg?1749120053",
    "url": "https://www.amazon.in/dp/B079N98K93",
    "posted_on": "2025-06-05T16:23:29.431Z"
  },
  {
    "deal_id": "f8a8152f934ded896d11cba5b9a689291606225f68d89a9b1bc65ff42790d901",
    "title": "WINTAGE Men's Premium Velvet Notch Lapel Tuxedo Coat Blazer Jacket",
    "price": "789",
    "discount": "82% OFF",
    "store": "Amazon",
    "image": "https://cdn0.desidime.com/topics/photos/1963769/original/31AKrDgCc5L._SY445_SX342_.jpg?1749119891",
    "url": "https://www.amazon.in/dp/B078GQM4TC?ref=cm_sw_r_apan_dp_B21Q7PQD37D5D0JCEE2D&social_share=cm_sw_r_apan_dp_B21Q7PQD37D5D0JCEE2D&previewDoh=1&previewDohDeal=1&psc=1",
    "posted_on": "2025-06-05T16:23:29.432Z"
  },
  {
    "deal_id": "fbd87dedfc0699e08eb4b2ed3c2a501ae2753e2b7f217aedd8ca4af51325d479",
    "title": "Realme Buds Air 6 Fast Charging With 50dB ANC, LHDC 5.0 Dynamic Bass Boost Dr...",
    "price": "2639",
    "discount": "56% OFF",
    "store": "Myntra",
    "image": "https://cdn2.desidime.com/topics/photos/1963768/original/b21bc68a-5fce-489d-8f40-3d164801cafc1719899180553-Realme-Unisex-Headphones-5191719899180301-1.jpg?1749119874",
    "url": "https://www.myntra.com/headphones/realme/realme-buds-air-6-fast-charging-with-50db-anc-lhdc-50-dynamic-bass-boost-driver-earbuds-/29948317/buy",
    "posted_on": "2025-06-05T16:23:30.799Z"
  },
  {
    "deal_id": "03b130dd089ed0da2a5e6efaef5e93c40b4c545a044e0f242f4339800794fefc",
    "title": "CRED X Bajaj Finserv app - get flat 15rs cashback on 50rs add money",
    "price": "0",
    "discount": "100% OFF",
    "store": "Others",
    "image": "https://cdn0.desidime.com/topics/photos/1963767/original/DbepofsHLK7fTQmiQi9KurqbL1VvVJEAJ0AOX8CejdsgygCTH_0K4kG9JLmcKl3MkN0K_w240-h480.?1749119795",
    "url": "https://clo.clicks9.com/pr/?o=173890&a=2161&m=44&clickid=20250605clog7szh8qqs&affsub2=1",
    "posted_on": "2025-06-05T16:23:36.250Z"
  },
  {
    "deal_id": "efd7fe10f32e23b280056caa2c6f1e13dfc99bf6482f420d79f2da3bcf6ccc20",
    "title": "Pack of 3 bra @8rs ( size - XS )",
    "price": "8",
    "discount": "86% OFF",
    "store": "Meesho",
    "image": "https://cdn2.desidime.com/merchants/2298/original/meesho.png?1742967983",
    "url": "https://www.meesho.com/s/p/71gyr6",
    "posted_on": "2025-06-05T16:23:37.081Z"
  },
  {
    "deal_id": "9cdf10af1cf05e6e17e1a26a48b99d9abc8404af630ffcbdb5eb9e215f8cf82c",
    "title": "Pigeon by Stovekraft Elite Shine 5 L Tri-Ply Body Outer Lid Pressure Cooker I...",
    "price": "917",
    "discount": "71% OFF",
    "store": "Amazon",
    "image": "https://cdn0.desidime.com/topics/photos/1963765/original/618EyGYIY8L._SL1500_.jpg?1749119653",
    "url": "https://www.amazon.in/dp/B0B7K2K9Y3?ref=cm_sw_r_apan_dp_CEHWR86QHYKTH0E70KD7&social_share=cm_sw_r_apan_dp_CEHWR86QHYKTH0E70KD7&previewDoh=1&previewDohDeal=1",
    "posted_on": "2025-06-05T16:23:37.147Z"
  },
  {
    "deal_id": "20dc840e8fe0da658137842cd574e0fcf6b8ceffa538d8100bacfc7ca66b8ce0",
    "title": "[Newly Launched] Noise Buds X2 in-Ear TWS (Massive 140H of Playtime, ANC)",
    "price": "1499",
    "discount": "67% OFF",
    "store": "Amazon",
    "image": "https://cdn1.desidime.com/topics/photos/1963764/original/Screenshot2025-06-05-15-58-55-9892460851df6f172a4592fca41cc2d2e6.jpg?1749119351",
    "url": "https://www.amazon.in/dp/B0DNZP8F99?ref=cm_sw_r_cso_cp_mwn_dp_YC91GTFBN7BDEMNN0DQT&social_share=cm_sw_r_cso_cp_mwn_dp_YC91GTFBN7BDEMNN0DQT&previewDoh=1&previewDohDeal=1",
    "posted_on": "2025-06-05T16:23:37.185Z"
  },
  {
    "deal_id": "f36b8795179817f5c1865e7c0e90fedf836a406717dc4881e794f9d60008568f",
    "title": "Blaupunkt BH31 Wireless Headphone Bluetooth & Wired  (Black, On the Ear)",
    "price": "1199",
    "discount": "60% OFF",
    "store": "Flipkart",
    "image": "https://cdn1.desidime.com/topics/photos/1963763/original/bh31-wireless-headphone-blaupunkt-original-imahc6gkzfhemn4n.jpeg?1749119055",
    "url": "https://www.flipkart.com/blaupunkt-bh31-wireless-headphone-bluetooth-wired/p/itm938a8a2ebf8fa?pid=ACCGM868YKXFFTC4&lid=LSTACCGM868YKXFFTC4TI7FKQ&q=blaupumkt&store=search.flipkart.com&srno=s_1_2&iid=en_JcseAtRunLTkbgMfyDBiwfZQvFf5LTFM9LS8InD47t-XPem_OsWFT-fwJnPxK44iM-Kac4SYkPGLBXMgNx8DhQ%3D%3D&ppt=sp&ppn=sp&ssid=0t30ip5pqo0000001749118930860&qH=69f5f0b11da4c03c",
    "posted_on": "2025-06-05T16:23:37.205Z"
  },
  {
    "deal_id": "74591ec4b2331b5e3804f37a3f21d05653f3f19d8f4b02b8bed0704c0aa11f18",
    "title": "boAt 100 Wired  (Black, In the Ear)",
    "price": "299",
    "discount": "70% OFF",
    "store": "Flipkart",
    "image": "https://cdn3.desidime.com/topics/photos/1963762/original/bassheads-100-boat-original-imag4tgdrpxfh3pk.jpeg?1749118913",
    "url": "https://www.flipkart.com/boat-100-wired/p/itm3f39544d0b96c?pid=ACCEVQZABYWJHRHF&lid=LSTACCEVQZABYWJHRHFY31OAB&q=headphone&store=0pm%2Ffcn&srno=s_1_19&iid=17541ee1-bc99-4fb5-b6b4-b40ad0184dce.ACCEVQZABYWJHRHF.SEARCH&ppt=sp&ppn=sp&ssid=di4g8kuchc0000001749118847357&qH=b052e360817fdeec",
    "posted_on": "2025-06-05T16:23:38.765Z"
  },
  {
    "deal_id": "e5db82a0e3e8b29cb1b461965ec152fe46cc71c8845bdae6b884fd21b574628a",
    "title": "New meesho UPI offer get extra 30rs off",
    "price": "0",
    "discount": "100% OFF",
    "store": "Others",
    "image": "https://cdn2.desidime.com/topics/photos/1963760/original/8F-0kIQuTleN9DD43WlxIz-4mqmPJ3-978fr1vYF0q_QoZRrlaD3znctc4kWguHdhUCU_w240-h480.?1749118639",
    "url": "https://play.google.com/store/apps/details?id=com.meesho.supply",
    "posted_on": "2025-06-05T16:23:39.247Z"
  },
  {
    "deal_id": "dd46753d8f134eb0c9f61c6ddfce5e234015bda1230ad07a868eb0691ce57ad6",
    "title": "Meesho perfume loot - get 3 perfume @60rs",
    "price": "60",
    "discount": "96% OFF",
    "store": "Meesho",
    "image": "https://cdn0.desidime.com/merchants/2298/original/meesho.png?1742967983",
    "url": "https://www.meesho.com/s/p/4jfs9f",
    "posted_on": "2025-06-05T16:23:39.430Z"
  },
  {
    "deal_id": "a3822bfb46c0822e7a3a80d334ca5df3d0826d071b6f5896740b8b1e2bc3e08e",
    "title": "Allan Jones Clothing Upto 80% Off",
    "price": "N/A",
    "discount": "80% OFF",
    "store": "Flipkart",
    "image": "https://cdn2.desidime.com/topics/photos/1963757/original/m-mt21-fs01-navy-alan-jones-original-imag3vwnrux2udfb.jpeg?1749118222",
    "url": "https://www.flipkart.com/search?q=Allan+Jones+&as-show=on&as=off&p%5B%5D=facets.discount_range_v1%255B%255D%3D70%2525%2Bor%2Bmore&p%5B%5D=facets.ideal_for%255B%255D%3DMen",
    "posted_on": "2025-06-05T16:23:41.202Z"
  },
  {
    "deal_id": "08895dc1ba4654095007633781d92840c1a340c63841472f919838a309ccf6a6",
    "title": "LAKMÉ Color Crush Nail Art, G12, 6Ml, Shimmery Finish",
    "price": "100",
    "discount": "47% OFF",
    "store": "Amazon",
    "image": "https://cdn3.desidime.com/topics/photos/1963753/original/516NpFAMfZL._SX522_.jpg?1749117523",
    "url": "https://www.amazon.in/Lakme-Color-Crush-Nailart-G12/dp/B07H645P1P/ref=sr_1_2",
    "posted_on": "2025-06-05T16:23:44.428Z"
  },
  {
    "deal_id": "9b69e060d8d0c5635315a12c31247b15bbe338571359e812e9a50ba2b0558ef7",
    "title": "BOSCH Juicer Mixer Grinder 1000 W Juicer Mixer Grinder  (MJ8720A1KI | Black)",
    "price": "3799",
    "discount": "60% OFF",
    "store": "Flipkart",
    "image": "https://cdn0.desidime.com/topics/photos/1963752/original/-original-imahbytyza8uetfk.jpeg?1749117407",
    "url": "https://www.flipkart.com/bosch-juicer-mixer-grinder-1000-w/p/itm4aa8b94b12016",
    "posted_on": "2025-06-05T16:23:45.233Z"
  },
  {
    "deal_id": "4d488a1c9df8231931be8bc0aabeedfa66e45def89d404003714a49d3b7736cc",
    "title": "Axe Gold Temptation Long Lasting Deodorant Bodyspray for Men 215 ml",
    "price": "111",
    "discount": "65% OFF",
    "store": "Amazon",
    "image": "https://cdn1.desidime.com/topics/photos/1963751/original/51-yL6-QCzL._SL1000_.jpg?1749117361",
    "url": "https://www.amazon.in/dp/B09264ZY38",
    "posted_on": "2025-06-05T16:23:45.433Z"
  },
  {
    "deal_id": "64a54983c263c85e5617e5abf46c9695a04ce6e3068f96e342a48bc14dba5c1e",
    "title": "Boldfit Football Practise Foot Ball Training Football Size 5 Original for All...",
    "price": "249",
    "discount": "64% OFF",
    "store": "Amazon",
    "image": "https://cdn2.desidime.com/topics/photos/1963745/original/71Rd2LYEpcL._SX679_.jpg?1749116599",
    "url": "https://www.amazon.in/dp/B0DZXQP678",
    "posted_on": "2025-06-05T16:23:45.929Z"
  },
  {
    "deal_id": "c11378010ce63a33356ae044d5ba0e01fa7070c7d77f2e919b1cf759b280b9bd",
    "title": "Neonnest Multipurpose Foldable Engineered Wood Laptop Table/Desk with Cup Holder, MAC/Tablet Holder I Study Table I Bed & Breakfast Table I Portable I Ergonomic | Round Edges I Non-Slip Legs - Brown",
    "price": "₹371",
    "originalPrice": "₹1999",
    "discount": "81% off",
    "store": "amazon",
    "image": "https://www.dealsmagnet.com/images/neonnest-multipurpose-foldable-engineered-wood-lap-o-1aI023ge.jpg",
    "dealUrl": "https://www.amazon.in/Neonnest-Multipurpose-Engineered-Breakfast-Ergonomic/dp/B0CPSFHS9G",
    "posted_on": "2025-06-05T16:24:05.874Z"
  },
  {
    "deal_id": "2ac6d189457a6b31a938ad9b8d3ff3d49acc11a27f2ece5f2c5b90e08382a326",
    "title": "STRIFF Adjustable Laptop Tabletop Stand Patented Riser Ventilated Portable Foldable Compatible (Black)",
    "price": "₹249",
    "originalPrice": "₹1499",
    "discount": "83% off",
    "store": "amazon",
    "image": "https://www.dealsmagnet.com/images/striff-adjustable-laptop-tabletop-stand-o-18XgZ6vB.jpg",
    "dealUrl": "https://www.amazon.in/dp/B07XCM6T4N",
    "posted_on": "2025-06-05T16:24:05.277Z"
  },
  {
    "deal_id": "e72bf439b269f2364146eed163882a0e4a6cf7c4d2cb973b96cb42285ac5b442",
    "title": "Wintage Men's Clothing Accessories Upto 78% Off",
    "price": "₹0",
    "originalPrice": "0",
    "discount": " ",
    "store": "amazon",
    "image": "https://www.dealsmagnet.com/images/wintage-mens-clothing-accessories-upto-78-off-o-1bogahbc.jpg",
    "dealUrl": "https://www.amazon.in/s?k=WINTAGE&i=apparel&rh=n%3A1968024031%2Cp_123%3A45990%2Cp_n_pct-off-with-tax%3A27060457031&dc=&qid=1749120009&rnid=2665398031&ref=sr_nr_p_n_pct-off-with-tax_6&ds=v1%3AvZbR6POZ%2FutlU+lgNoi%2FyIABQkgSTXMpQno82iwoMwQ",
    "posted_on": "2025-06-05T16:24:03.459Z"
  },
  {
    "deal_id": "595569aea1849a8c9b79c6a8c130e3f228dd56caac1485e54fee16dd3bf95dfb",
    "title": "WINTAGE Men's Premium Velvet Notch Lapel Tuxedo Coat Blazer Jacket",
    "price": "₹789",
    "originalPrice": "₹4499",
    "discount": "82% off",
    "store": "amazon",
    "image": "https://www.dealsmagnet.com/images/wintage-mens-premium-velvet-notch-lapel-tuxedo-coa-o-1bog7chK.jpg",
    "dealUrl": "https://www.amazon.in/dp/B078GPD3JT?psc=1",
    "posted_on": "2025-06-05T16:24:06.446Z"
  },
  {
    "deal_id": "b1663f92ef8ff4b4cfd989ab8c3d0c95827557cac70a621fa07852f65fc7c637",
    "title": "Ajio: Upto 70% Off On Clarks Women's Footwear",
    "price": "₹0",
    "originalPrice": "0",
    "discount": " ",
    "store": "ajio",
    "image": "https://www.dealsmagnet.com/images/upto-70-off-on-clarks-footwear-o-1aVSZgwY.jpg",
    "dealUrl": "https://www.ajio.com/s/min-60-percent-off-5351-58331?query=%3Adiscount-desc%3Abrand%3ACLARKS%3Agenderfilter%3AWomen&curated=true&curatedid=min-60-percent-off-5351-58331&gridColumns=3&utm_term=sub_1dg16497321&clickid=684177484aadd200010863d9&pid=11&offer_id=2&attribution_window=1D&return_cancellation_window=45D",
    "posted_on": "2025-06-05T16:24:07.927Z"
  },
  {
    "deal_id": "5ba93305482669aa55faf04749254218515a9e608934839768de562fb521122a",
    "title": "Ajio: Upto 70% Off On Clarks Men's Footwear",
    "price": "₹0",
    "originalPrice": "0",
    "discount": " ",
    "store": "ajio",
    "image": "https://www.dealsmagnet.com/images/ajio-upto-70-off-on-clarks-mens-footwear-o-1b3N16yJ.jpg",
    "dealUrl": "https://www.ajio.com/s/min-60-percent-off-5351-58331?query=%3Adiscount-desc%3Abrand%3ACLARKS%3Agenderfilter%3AMen&curated=true&curatedid=min-60-percent-off-5351-58331&gridColumns=3&utm_term=sub_1dg16497323&clickid=6841774d4578aa00018fb2b4&pid=11&offer_id=2&attribution_window=1D&return_cancellation_window=45D",
    "posted_on": "2025-06-05T16:24:12.640Z"
  },
  {
    "deal_id": "74472f10d7411744fc3f447fa5c46ce03993becb29976682647dd7b563a962e2",
    "title": "Pigeon by Stovekraft Elite Shine 5 L Tri-Ply Body Outer Lid Pressure Cooker Induction (Stainless Steel, Silver)",
    "price": "₹917",
    "originalPrice": "₹3195",
    "discount": "71% off",
    "store": "amazon",
    "image": "https://www.dealsmagnet.com/images/pigeon-by-stovekraft-elite-shine-5-l-tri-ply-body--o-1bog1oOv.jpg",
    "dealUrl": "https://www.amazon.in/dp/B0B7K2K9Y3",
    "posted_on": "2025-06-05T16:24:13.831Z"
  },
  {
    "deal_id": "1397968816a600717cd17e246eca09925236de9bde00a6d347877e12b2ae0fad",
    "title": "boAt 100 Wired  (Black, In the Ear)",
    "price": "₹299",
    "originalPrice": "₹999",
    "discount": "70% off",
    "store": "flipkart",
    "image": "https://www.dealsmagnet.com/images/boat-100-wired-black-in-the-ear-o-1b1YCiN6.jpg",
    "dealUrl": "https://www.flipkart.com/flipkart/p/item?pid=ACCEVQZABYWJHRHF",
    "posted_on": "2025-06-05T16:24:11.041Z"
  },
  {
    "deal_id": "68674f0c554aae19682c739e4b2e61697503d88290fe95fc45682df7dcf5e3ed",
    "title": "Pond's Bright Beauty Anti-Spot Serum Cream with Niacinamide, 35g",
    "price": "₹101",
    "originalPrice": "₹174",
    "discount": "42% off",
    "store": "amazon",
    "image": "https://www.dealsmagnet.com/images/ponds-bright-beauty-anti-spot-serum-cream-with-nia-o-1bofX94Y.jpg",
    "dealUrl": "https://www.amazon.in/dp/B09VB6PGXQ",
    "posted_on": "2025-06-05T16:24:13.115Z"
  },
  {
    "deal_id": "1eb3639d0a178e784ff53a18050e4a8c22f1c6961989be79c7a939cb0b50ab92",
    "title": "Head & Shoulders Cool Menthol Anti Dandruff Shampoo - 1L",
    "price": "₹579",
    "originalPrice": "₹1299",
    "discount": "55% off",
    "store": "amazon",
    "image": "https://www.dealsmagnet.com/images/head-shoulders-cool-menthol-anti-dandruff-shampoo--o-17Y4D87A.jpg",
    "dealUrl": "https://www.amazon.in/Head-Shoulders-Cool-Menthol-Shampoo/dp/B0764M9QVV",
    "posted_on": "2025-06-05T16:24:17.790Z"
  },
  {
    "deal_id": "071330928c1dc686ede270316a8e0b7caabe39a77fdd3332cb1eb36d92cefbea",
    "title": "Eatmate Premium California Almonds, Premium Badam Giri 200 Grams",
    "price": "₹1",
    "originalPrice": "₹395",
    "discount": "100% off",
    "store": "amazon",
    "image": "https://www.dealsmagnet.com/images/eatmate-premium-california-almonds-premium-badam-g-o-1bofTgsl.jpg",
    "dealUrl": "https://www.amazon.in/dp/B0F6J52V72",
    "posted_on": "2025-06-05T16:24:18.602Z"
  },
  {
    "deal_id": "aff210bf537b098e3e56c3beccc5ce30f67c7baf74aa93582637f4e730ab24d3",
    "title": "boAt Airdopes 141 ANC TWS Earbuds with 42 hrs Playback",
    "price": "₹1299",
    "originalPrice": "₹5990",
    "discount": "78% off",
    "store": "amazon",
    "image": "https://www.dealsmagnet.com/images/boat-airdopes-141-anc-tws-earbuds-with-42-hrs-play-o-192PT3us.jpg",
    "dealUrl": "https://www.amazon.in/dp/B0C7QHHT63?smid=AJ6SIZC8YQDZX",
    "posted_on": "2025-06-05T16:24:19.734Z"
  },
  {
    "deal_id": "617ab5e856449499a6925e99c7393d1615c0e77994f7f95c77cf8abaf470b140",
    "title": "Portronics Clamp Z Car Phone Holder Stand with 360 Degree Rotation (Black)",
    "price": "₹269",
    "originalPrice": "₹699",
    "discount": "62% off",
    "store": "amazon",
    "image": "https://www.dealsmagnet.com/images/portronics-clamp-z-car-phone-holder-stand-with-360-o-1bofR8nW.jpg",
    "dealUrl": "https://www.amazon.in/dp/B0DB257CF1",
    "posted_on": "2025-06-05T16:24:19.235Z"
  },
  {
    "deal_id": "8a1dbad4912fdcf86e8a4014c1c4f03d5a3b32046a6258f63824eb9db02154d4",
    "title": "boAt Wave Convex 1.96\" AMOLED Display, (Dark Blue)",
    "price": "₹1099",
    "originalPrice": "₹8999",
    "discount": "88% off",
    "store": "amazon",
    "image": "https://www.dealsmagnet.com/images/boat-wave-convex-1-96-amoled-display-dark-blue-o-1bofGlVG.jpg",
    "dealUrl": "https://www.amazon.in/dp/B0DHD57YML",
    "posted_on": "2025-06-05T16:24:22.955Z"
  },
  {
    "deal_id": "9ddc3041373397f35950163e9bff3699aef8ddb174c90eabc7dfb5f2b022dde9",
    "title": "Boldfit Football Practise Foot Ball Training Football - Blue Pink Size 5",
    "price": "₹249",
    "originalPrice": "₹699",
    "discount": "64% off",
    "store": "amazon",
    "image": "https://www.dealsmagnet.com/images/boldfit-football-practise-foot-ball-training-footb-o-1bmcx1R0.jpg",
    "dealUrl": "https://www.amazon.in/Boldfit-Football-Practise-Training-Waterprooof/dp/B0DZXTP1WR",
    "posted_on": "2025-06-05T16:24:25.020Z"
  },
  {
    "deal_id": "524a701aa20ab9cb29528547d8f3d2dbfe9a4364419ef30d27a79c983d957a57",
    "title": "[Extra Rs.1589 OFF] LG 20 L Solo Microwave Oven (MS2043BPk)",
    "price": "₹6165",
    "originalPrice": "₹8199",
    "discount": "25% off",
    "store": "flipkart",
    "image": "https://www.dealsmagnet.com/images/lg-20-l-solo-microwave-oven-ms2043bpk-o-1874j7sq.jpg",
    "dealUrl": "https://www.flipkart.com/lg-20-l-solo-microwave-oven/p/itmf3rygebb6pbk7",
    "posted_on": "2025-06-05T16:24:24.221Z"
  },
  {
    "deal_id": "6108267ac14ecb2d555ebd47fbda32f7689eb02c2a8fa523304e69889ed5f2ea",
    "title": "Sheetal Associates Women's Maxi Floral Print Crepe Regular Sleeves Casual Dress",
    "price": "₹324",
    "originalPrice": "₹1299",
    "discount": "75% off",
    "store": "amazon",
    "image": "https://www.dealsmagnet.com/images/sheetal-associates-womens-maxi-floral-print-crepe--o-1bofEf59.jpg",
    "dealUrl": "https://www.amazon.in/Sheetal-Associates-Womens-Regular-Sleeves/dp/B0DCSKPZ51?psc=1",
    "posted_on": "2025-06-05T16:24:25.722Z"
  },
  {
    "deal_id": "af8bf3e73490a8adf74984975d103d4620736e7198d449f125ee63c0a4b8e51a",
    "title": "[Extra Rs 2000 Off] Samsung 183 L 5 Star Direct-Cool RR20D2825HV/NL Single Door Refrigerator",
    "price": "₹15240",
    "originalPrice": "₹22999",
    "discount": "34% off",
    "store": "amazon",
    "image": "https://www.dealsmagnet.com/images/xsamsung-183-l-rr20d2825hvnl-single-door-refrigerat-o-19HjtbKq.jpg.pagespeed.ic.iNhpzvqzkF.webp",
    "dealUrl": "https://www.amazon.in/Samsung-Direct-Cool-Refrigerator-RR20D2825HV-NL/dp/B0CPPJ1NW3",
    "posted_on": "2025-06-05T16:24:26.350Z"
  },
  {
    "deal_id": "a6cea2d19f8dadad051b088a8887f264a096716abf29f5d488a6b51c0995f053",
    "title": "IFB 23 L Convection Microwave Oven (23SC3, Silver)",
    "price": "₹8991",
    "originalPrice": "₹13990",
    "discount": "36% off",
    "store": "flipkart",
    "image": "https://www.dealsmagnet.com/images/ifb-23-l-convection-microwave-oven-23sc3-silver-o-19Ya52Ca.jpg",
    "dealUrl": "https://www.flipkart.com/ifb-23-l-convection-microwave-oven/p/itmdwmvzgvtbzcnz?pid=MRCDWK8TTHVHW3WY",
    "posted_on": "2025-06-05T16:24:30.983Z"
  },
  {
    "deal_id": "f00a4b532b733e617ab0649f0b3e0a810b677b781ac2ab98486dcfc2a04e3e2b",
    "title": "WOW SKIN SCIENCE Charcoal | Detoxifies Skin | Lifts of Pollutants & Dirt Face Wash - 100 ml",
    "price": "₹60",
    "originalPrice": "₹249",
    "discount": "76% off",
    "store": "flipkart",
    "image": "https://www.dealsmagnet.com/images/wow-skin-science-charcoal-detoxifies-skin-unclogs--o-1bofzn00.jpg",
    "dealUrl": "https://www.flipkart.com/flipkart/p/item?pid=FCWGS7Q6MEURDQQC&lid=LSTFCWGS7Q6MEURDQQCSPJV5G",
    "posted_on": "2025-06-05T16:24:29.124Z"
  },
  {
    "deal_id": "bcd0787a9360cf6e3f544e80b139eab6ae0e479fa3ae3eb661b5a701332c54ba",
    "title": "Roadster Polo Tshirts For Men Upto 81% Off | Starting Rs.189",
    "price": "₹0",
    "originalPrice": "0",
    "discount": " ",
    "store": "myntra",
    "image": "https://www.dealsmagnet.com/images/roadster-polo-tshirts-for-men-upto-84-off-starting-o-1aOXkl85.jpg",
    "dealUrl": "https://www.myntra.com/polo-tshirts-for-men?f=Brand%3ARoadster&sort=price_asc&admitad_uid=60b954a524f4ac7d4b05381e09722a0e&tagtag_uid=60b954a524f4ac7d4b05381e09722a0e",
    "posted_on": "2025-06-05T16:24:30.000Z"
  },
  {
    "deal_id": "2b40e92fef9a51defc4c6c1ceec0a71a5942c33c5595e1b029509fe7afed6190",
    "title": "MILTON Pacific 1000 Pet Water Bottles, 1 Litre Each, Set of 6, Purple",
    "price": "₹270",
    "originalPrice": "0",
    "discount": " ",
    "store": "amazon",
    "image": "https://www.dealsmagnet.com/images/milton-pacific-1000-pet-water-bottles-1-litre-each-o-1bofxexp.jpg",
    "dealUrl": "https://www.amazon.in/dp/B07D9GVS1Q",
    "posted_on": "2025-06-05T16:24:31.745Z"
  },
  {
    "deal_id": "1b2102b83e852d72e86b3e3b138e52041d36c7dc270fbd36011cde76f00baae3",
    "title": "DHRUVI TRENDZ Shirt for Men | Casual Stylish  | Summer Button-Down",
    "price": "₹349",
    "originalPrice": "₹1999",
    "discount": "83% off",
    "store": "amazon",
    "image": "https://www.dealsmagnet.com/images/dhruvi-trendz-shirt-for-men-casual-stylish-summer--o-1bofwmSD.jpg",
    "dealUrl": "https://www.amazon.in/DHRUVI-TRENDZ-Stylish-Printed-Button-Down/dp/B0BY8TK638?psc=1",
    "posted_on": "2025-06-05T16:24:34.014Z"
  },
  {
    "deal_id": "89d202d5611687ce07039b5fe31e0a34589362c559232b8a68b0f4b00c26e1bd",
    "title": "Kenstar ASTER DIGI Digital with 360 High Speed Air Circulation Technology 1200 W with Non-Stick Basket Air Fryer  (4.2 L)",
    "price": "₹2699",
    "originalPrice": "₹10299",
    "discount": "74% off",
    "store": "flipkart",
    "image": "https://www.dealsmagnet.com/images/kenstar-aster-digi-digital-with-360-high-speed-air-o-1asgVlgk.jpg",
    "dealUrl": "https://www.flipkart.com/kenstar-aster-digi-digital-360-high-speed-air-circulation-technology-1200-w-non-stick-basket-fryer/p/itm791aeeb11d197?pid=AFRFTEFZM2X5HZ7S",
    "posted_on": "2025-06-05T16:24:34.135Z"
  },
  {
    "deal_id": "a93d5b9ce8bdb5e353f18a497d4600aca6e42ce88fabd833b953efcbfbaac8e1",
    "title": "Lava Bold N1 (4 GB RAM | 64 GB Storage )",
    "price": "₹5999",
    "originalPrice": "₹7499",
    "discount": "20% off",
    "store": "amazon",
    "image": "https://www.dealsmagnet.com/images/lava-bold-n1-4-gb-ram-64-gb-storage-o-1bo2jcpS.jpg",
    "dealUrl": "https://www.amazon.in/dp/B0F83J33RW",
    "posted_on": "2025-06-04T16:23:56.440Z"
  },
  {
    "deal_id": "7d1a79d5171326a0e5b3a9f2e66c254136d6ec877904f6611bd4e3349049c7ba",
    "title": "Swiggy Instamart : Lindt chocolates at 77% off in supersaver\n\nMin. order : ₹400",
    "price": "N/A",
    "discount": "77% OFF",
    "store": "Swiggy",
    "image": "https://cdn1.desidime.com/merchants/1075/original/swiggy.jpg?1461321031",
    "url": "https://www.swiggy.com/stores/instamart/item/R734ZTC87X?share=true",
    "posted_on": "2025-06-04T16:20:56.511Z"
  },
  {
    "deal_id": "a73701acb804b8914198663fc793b66d906086979e6c97a1c02cd3cfffa0ec7e",
    "title": "Starbucks Flat 50% Offer (7-8th June) Coffee, Foods & More",
    "price": "N/A",
    "discount": "N/A",
    "store": "DesiDime",
    "image": "https://cdn3.desidime.com/topics/photos/1963393/original/StarbucksFlat50Offer7-8thJuneCoffeeFoodsMore1.png?1749034173",
    "url": "https://www.desidime.com/stores/district",
    "posted_on": "2025-06-04T16:20:56.512Z"
  },
  {
    "deal_id": "cbb149c9d8bb59315870bb4e69cd5385ad84d9a3647097add9ec70fe02f14335",
    "title": "TE-A-ME Green Tea 100 Bags [Apply ₹200 Off Coupon]",
    "price": "66",
    "discount": "87% OFF",
    "store": "Amazon",
    "image": "https://cdn2.desidime.com/topics/photos/1963392/original/71I54K5UWkL._SL1500_.jpg?1749034121",
    "url": "https://www.amazon.in/TE-ME-Green-Tea-Bags/dp/B0F37YR6H4/",
    "posted_on": "2025-06-04T16:20:56.513Z"
  },
  {
    "deal_id": "8077fed4b3e9ad568c87d69163b3eaea4b16859c3e414939a2dd5260346c692e",
    "title": "Klook 15% Off on Vietnam, Thailand & More",
    "price": "N/A",
    "discount": "15% OFF",
    "store": "Klook",
    "image": "https://cdn1.desidime.com/topics/photos/1963391/original/Screenshot2025-06-04161652.png?1749034115",
    "url": "https://www.klook.com/en-IN/tetris/promo/the-best-you/?aid=2699&aff_adid=608023&aff_ext=20250604clx3jmg3swnh&spm=Tetris_Promo.TopNavigation.SelectLanguage&clickId=b7817df886&aff_pid=&aff_sid=&utm_term=&utm_content=&aff_klick_id=100291857148-2699-608023-25495e8",
    "posted_on": "2025-06-04T16:20:56.514Z"
  },
  {
    "deal_id": "61ff5be8bcbde7837d280697fdeb46483d1a87183989d91b94b7bacbf4c3eb2d",
    "title": "HELLCAT Boys Dress Clothing Set Combo with Tshirts & Shorts - Pack 3",
    "price": "₹616",
    "originalPrice": "₹4497",
    "discount": "86% off",
    "store": "amazon",
    "image": "https://www.dealsmagnet.com/images/hellcat-boys-dress-clothing-set-combo-with-tshirts-o-1bo1UcWH.jpg",
    "dealUrl": "https://www.amazon.in/HELLCAT-Dress-Clothing-Tshirts-Shorts/dp/B0CYBZV19F",
    "posted_on": "2025-06-04T16:22:04.864Z"
  },
  {
    "deal_id": "51f321b7d2300889d804c4b89af9be7ee2f66ca7c5415af907537b0570ffacaf",
    "title": "QONETIC 4 Pcs 26 Litre Collapsible Wardrobe Organizer for Clothes",
    "price": "₹199",
    "originalPrice": "₹2999",
    "discount": "93% off",
    "store": "amazon",
    "image": "https://www.dealsmagnet.com/images/qonetic-4-pcs-26-litre-collapsible-wardrobe-organi-o-1bo2co5W.jpg",
    "dealUrl": "https://www.amazon.in/dp/B0DT746WW3",
    "posted_on": "2025-06-04T16:18:01.937Z"
  },
  {
    "deal_id": "55ad307888059c1ed359d85104a6391a5894e9de9c092cad73b6e8a9c5880fe5",
    "title": "MACCARON - FREE SHEET MASK",
    "price": "0",
    "discount": "100% OFF",
    "store": "Maccaron",
    "image": "https://cdn1.desidime.com/topics/photos/1963390/original/wNj5H2q5N3ReDnu-T1JCs49t-2eoIjuv2tRgqYmA0ELLRyJiuwsxYDvsgyU5gMT5zQ_w240-h480.?1749033715",
    "url": "https://play.google.com/store/apps/details?id=in.maccaron",
    "posted_on": "2025-06-04T16:15:36.084Z"
  },
  {
    "deal_id": "d093471afbdaab4e92b9b07364c1384f6ed0e9a6fab9b9f71e24bcce507b76a1",
    "title": "Havells Instanio 3L Instant Water Heater(Geyser)| Temp. Sensing LED Indicator...",
    "price": "3199",
    "discount": "50% OFF",
    "store": "Amazon",
    "image": "https://cdn3.desidime.com/topics/photos/1963387/original/51zfltcF4hL._SL1200_.jpg?1749033405",
    "url": "https://www.amazon.in/dp/B078JF6X9B",
    "posted_on": "2025-06-04T16:15:36.087Z"
  },
  {
    "deal_id": "95c29a2d6213e7cccbb4c283a48bdbf795cb92a49953dbb84547faa4d3880a1b",
    "title": "ASOS - Up To 52% Off on Men's Bottom Wear + Extra 30% Off Up to Rs. 500",
    "price": "N/A",
    "discount": "52% OFF",
    "store": "Ajio",
    "image": "https://cdn1.desidime.com/topics/photos/1963385/original/-1117Wx1400H-469644128-brown-MODEL.jpg?1749033295",
    "url": "https://www.ajio.com/s/min55percentoff-124992?utm_term=20250604clobqr3vvqiy&clickid=684023d04fe362000129a2fe&pid=19&offer_id=2&attribution_window=1D&return_cancellation_window=45D",
    "posted_on": "2025-06-04T16:15:36.088Z"
  },
  {
    "deal_id": "e65214970b65793486ad86fd468915df6207c711483c35268e7f363cec9fd656",
    "title": "PORTICO - Upto 50% Off",
    "price": "N/A",
    "discount": "50% OFF",
    "store": "Ajio",
    "image": "https://cdn0.desidime.com/topics/photos/1963384/original/portico_turquoise_blue_144_tc_sparkle_floral_print_double_cotton_bedsheet_with_pillow_covers.jpg?1749033157",
    "url": "https://www.ajio.com/s/upto50percentoff-124990?utm_term=20250604cl5dxwbgoguv&clickid=684023d01849e800019e06f0&pid=19&offer_id=2&attribution_window=1D&return_cancellation_window=45D",
    "posted_on": "2025-06-04T16:15:36.089Z"
  },
  {
    "deal_id": "502912cb2beef446ccb8fe74d802c4d8fdffe3beaf053d6bdf80afef11d6b736",
    "title": "SVARAA - Up To 96% Off on Women's Traditional Saree",
    "price": "N/A",
    "discount": "96% OFF",
    "store": "Ajio",
    "image": "https://cdn3.desidime.com/topics/photos/1963382/original/svaraa_black_women_traditional_saree.jpg?1749033068",
    "url": "https://www.ajio.com/s/min75percentoff-124993?utm_term=20250604clwaanm4bgl1&clickid=684023d061d67700017b7aa3&pid=19&offer_id=2&attribution_window=1D&return_cancellation_window=45D&query=%3Adiscount-desc%3Aundefined%3Anull&curated=true&curatedid=min75percentoff-124993&customerType=New&gridColumns=3&sort=relevance",
    "posted_on": "2025-06-04T16:15:36.090Z"
  },
  {
    "deal_id": "6351ba9c21262c836c6234b89a2d8278a1d7897b678008c5072e45bffdce60a7",
    "title": "jio mart Celebrating Cheese Day (Select Variants)\nGet 90/100 gm for 49 and 20...",
    "price": "49",
    "discount": "51% OFF",
    "store": "JioMart",
    "image": "https://cdn3.desidime.com/topics/photos/1963381/original/jiomart-default-image-150x150.png?1749032976",
    "url": "https://www.jiomart.com/p/groceries/go-plain-cheese-slices-100-g-pouch/590041290",
    "posted_on": "2025-06-04T16:15:37.813Z"
  },
  {
    "deal_id": "35ea072cd53349d03c2e00dc76e460f3550bbceabaae4d0fc8c3d323425e2ce3",
    "title": "Swiggy Instamart : Boost 3x more stamina - (Pune Available)",
    "price": "46",
    "discount": "77% OFF",
    "store": "Swiggy Instamart",
    "image": "https://cdn3.desidime.com/topics/photos/1963380/original/Screenshot2025-06-04at4.04.26PM.png?1749033313",
    "url": "https://www.swiggy.com/instamart/search?custom_back=true&query=boost",
    "posted_on": "2025-06-04T16:15:42.254Z"
  },
  {
    "deal_id": "6caf87e40da2b543dbb1067828f1f6eafa0ed8408aaec05a9f1ed748b52f6137",
    "title": "Jio mart offer on cheese",
    "price": "69",
    "discount": "62% OFF",
    "store": "JioMart",
    "image": "https://cdn1.desidime.com/topics/photos/1963379/original/jiomart-default-image-150x150.png?1749032735",
    "url": "https://www.jiomart.com/p/groceries/d-lecta-cheese-slices-200-g-pouch/590946262",
    "posted_on": "2025-06-04T16:15:42.516Z"
  },
  {
    "deal_id": "a020b88f970376c5e30effa093cf56a023fcda90ea485438ff43f74358cc5df5",
    "title": "Youstay - Up To 50% Off on Boy's Cotton Shirt",
    "price": "N/A",
    "discount": "50% OFF",
    "store": "Ajio",
    "image": "https://cdn2.desidime.com/topics/photos/1963378/original/-473Wx593H-442592270-green-MODEL.jpg?1749032565",
    "url": "https://www.ajio.com/s/underrs299-113799?utm_term=20250604cl3q6kfq74rb&clickid=684023d8d9de9c0001bab4ef&pid=19&offer_id=2&attribution_window=1D&return_cancellation_window=45D&query=%3Adiscount-desc%3Aundefined%3Anull%3Agenderfilter%3ABoys%3Al1l3nestedcategory%3ABoys+-+Shirts&curated=true&curatedid=underrs299-113799&customerType=New&gridColumns=3&sort=discount-desc&segmentIds=14%2C8%2C19&customertype=New",
    "posted_on": "2025-06-04T16:15:44.390Z"
  },
  {
    "deal_id": "59bfe538636b54213c3addf9a88c51c8622d754a9260e9286d2278b44c95b9a7",
    "title": "Havells 400mm Swing Pedestal Fan | 120 Ribs Guard Safety, Smooth Oscillation,...",
    "price": "2076",
    "discount": "39% OFF",
    "store": "Amazon",
    "image": "https://cdn2.desidime.com/topics/photos/1963377/original/61HHhFw2-3L._SL1500_.jpg?1749032469",
    "url": "https://www.amazon.in/dp/B00B4BC5MU?social_share=cm_sw_r_cso_cp_apan_dp_XQRD6VE443H8C39CYN4N",
    "posted_on": "2025-06-04T16:15:44.517Z"
  },
  {
    "deal_id": "9a36d08f1acffcdbb4c6c5fb2b31f4e20d29946e46dd087148aa44f8318ae4e0",
    "title": "Lakme Products Upto 76% Off",
    "price": "N/A",
    "discount": "76% OFF",
    "store": "Flipkart",
    "image": "https://cdn1.desidime.com/topics/photos/1963376/original/150-blush-glow-hydrating-strawberry-facewash-with-vitamin-c-original-imagzejpnankmdgc.jpeg?1749032427",
    "url": "https://www.flipkart.com/search?q=Lakme+&as-show=on&as=off&p%5B%5D=facets.discount_range_v1%255B%255D%3D60%2525%2Bor%2Bmore&p%5B%5D=facets.discount_range_v1%255B%255D%3D50%2525%2Bor%2Bmore",
    "posted_on": "2025-06-04T16:15:44.679Z"
  },
  {
    "deal_id": "dfd38c0d17c68eea2f54e7e6e7cd1fe0b34e456b6c9739134da71be1482f21c6",
    "title": "Snitch - Upto 55% Off on Men's Trousers",
    "price": "N/A",
    "discount": "55% OFF",
    "store": "Flipkart",
    "image": "https://cdn3.desidime.com/topics/photos/1963374/original/38-4msr5162-09-snitch-original-imah4m4uy5fzzcq8.jpeg?1749032309",
    "url": "https://www.flipkart.com/mens-clothing/trousers/pr?sid=2oq%2Cs9b%2C9uj&p%5B%5D=facets.brand%255B%255D%3DSnitch",
    "posted_on": "2025-06-04T16:15:45.206Z"
  },
  {
    "deal_id": "a50802250a8603b6cb0cf97efa01f7f3645537f301e19f58823ecb3a1e600dca",
    "title": "Up to 81% Off + Rs.350 Off on Orders Above Rs.999 on Gaming Chairs",
    "price": "N/A",
    "discount": "81% OFF",
    "store": "Myntra",
    "image": "https://cdn2.desidime.com/topics/photos/1963373/original/10872691NOnZbDG9_dcde74646ac846169ade276709541fc5.jpg?1749032297",
    "url": "https://www.myntra.com/gaming-chair?rawQuery=gaming+chair&rf=Price%3A4900.0_5300.0_4900.0+TO+5300.0&sort=discount&af_xp=custom&af_force_deeplink=true&pwsvid=EPTG1841095_1299_hINWdB&af_pmod_priority=equal",
    "posted_on": "2025-06-04T16:15:45.577Z"
  },
  {
    "deal_id": "44179d947a461842802285f239644d4c6968e945ce74058f4a3f9bb1e25b6905",
    "title": "Cello Kids 3 Pieces Melamine Bowls at ₹99",
    "price": "99",
    "discount": "59% OFF",
    "store": "Myntra",
    "image": "https://cdn2.desidime.com/topics/photos/1963372/original/image.png?1749032258",
    "url": "https://www.myntra.com/cello-dinner-set?rf=Discount+Range%3A50.0_100.0_50.0+TO+100.0&sort=price_asc",
    "posted_on": "2025-06-04T16:15:45.950Z"
  },
  {
    "deal_id": "81f53366b783799bed41517e71838d16c5c3ce89845623789ce491e6a15ebe72",
    "title": "Faballey Clothing Upto 68% Off",
    "price": "N/A",
    "discount": "68% OFF",
    "store": "Flipkart",
    "image": "https://cdn1.desidime.com/topics/photos/1963371/original/l-ahftcrgfz00848-allen-solly-original-imagkxcvhgsygadg.jpeg?1749032145",
    "url": "https://www.flipkart.com/search?q=Faballey+Clothing&as-show=on&as=off&p%5B%5D=facets.discount_range_v1%255B%255D%3D60%2525%2Bor%2Bmore",
    "posted_on": "2025-06-04T16:15:47.516Z"
  },
  {
    "deal_id": "b5febcee1723f008437b525a92f598eaf694582758d1cd3a0aafa742b99542fe",
    "title": "H&M - Upto 60% Off on Women's Dress",
    "price": "N/A",
    "discount": "60% OFF",
    "store": "Ajio",
    "image": "https://cdn3.desidime.com/topics/photos/1963370/original/h_26m_off_white_floral_fit_and_flare_dress.jpg?1749032135",
    "url": "https://www.ajio.com/s/startingatrs399-120731?utm_term=20250604cl2osbzh5bey&clickid=684023db98c41700019ba8b6&pid=19&offer_id=2&attribution_window=1D&return_cancellation_window=45D&query=%3Adiscount-desc%3Aundefined%3Anull%3Al1l3nestedcategory%3AWomen+-+Dresses&curated=true&curatedid=startingatrs399-120731&customerType=New&gridColumns=3&segmentIds=14%2C8%2C19&customertype=New",
    "posted_on": "2025-06-04T16:15:47.882Z"
  },
  {
    "deal_id": "082a74a4b6ca8e8d47760ee196b87e56cf8f167dfa14e16808ca2d173262208a",
    "title": "Up to 72% Off on Redchief Shoes",
    "price": "N/A",
    "discount": "72% OFF",
    "store": "Ajio",
    "image": "https://cdn1.desidime.com/topics/photos/1963369/original/red_chief_tan_genuine_leather_lace-up_shoes.jpg?1749032020",
    "url": "https://www.ajio.com/s/footwear-3571-88891?utm_term=20250604cl4awl8j4lz7&clickid=684023dcf58af70001a8fbde&pid=19&offer_id=2&attribution_window=1D&return_cancellation_window=45D&query=%3Adiscount-desc%3Abrand%3AGAS%3Abrand%3ARED+CHIEF%3Al1l3nestedcategory%3AWomen+-+Sneakers%3Al1l3nestedcategory%3AMen+-+Sneakers+%26+Sports+Shoes%3Al1l3nestedcategory%3AMen+-+Casual+Shoes%3Al1l3nestedcategory%3AWomen+-+Casual+Shoes%3Al1l3nestedcategory%3AWomen+-+Sports+Shoes&clickid=683ff9fb824d4f0001368447&pid=8&offer_id=2&attribution_window=1D&return_cancellation_window=45D",
    "posted_on": "2025-06-04T16:15:48.545Z"
  },
  {
    "deal_id": "b85caeaa1d99f948e18b3e78e3cddd9094019c36d91b163b96119f07f427bb17",
    "title": "Maybelline Products Upto 60% Off",
    "price": "N/A",
    "discount": "60% OFF",
    "store": "Flipkart",
    "image": "https://cdn3.desidime.com/topics/photos/1963368/original/5-superstay-matte-ink-liquid-lipstick-transfer-proof-16-hr-wear-original-imah2f2zpgsbtsyz.jpeg?1749031988",
    "url": "https://www.flipkart.com/search?q=Maybelline&as-show=on&as=off",
    "posted_on": "2025-06-04T16:15:48.913Z"
  },
  {
    "deal_id": "5233f85cfa627aeb2a2b191816b4ec3b216a0316ad51b7e26cbc801717f53ccc",
    "title": "N/A",
    "price": "N/A",
    "discount": "N/A",
    "store": "N/A",
    "image": "N/A",
    "url": "N/A",
    "posted_on": "2025-06-04T16:15:49.488Z"
  },
  {
    "deal_id": "399aefea97c25943b644e15857a037298546df3c6e6a2a8044c49a25190ad36b",
    "title": "Realme Buds T300 True Wireless Earbuds",
    "price": "1202",
    "discount": "70% OFF",
    "store": "Myntra",
    "image": "https://cdn3.desidime.com/topics/photos/1963367/original/Screenshot20250604-153513.Myntra.png?1749031970",
    "url": "https://www.myntra.com/headphones/realme/realme-buds-t300-true-wireless-earbuds/24856336/buy",
    "posted_on": "2025-06-04T16:15:49.489Z"
  },
  {
    "deal_id": "676d7c28e7598550bbb65a38e0b847c8ff9c2ad52fea44a2955ed0fceb11d94f",
    "title": "QONETIC 4 Pcs 26 Litre Collapsible Wardrobe Organizer for Clothes",
    "price": "₹199",
    "originalPrice": "₹2999",
    "discount": "93% off",
    "store": "amazon",
    "image": "https://www.dealsmagnet.com/images/qonetic-4-pcs-26-litre-collapsible-wardrobe-organi-o-1bo2co5W.jpg",
    "dealUrl": "https://www.amazon.in/dp/B0DT72RRS5",
    "posted_on": "2025-06-04T16:16:15.299Z"
  },
  {
    "deal_id": "295e71269bc52406372e7c0b1c1a106ce3f37ef9a7f0e94f453e65551b412eef",
    "title": "USHA Bloom Magnolia 1250mm|BEE Star Rated | Goodbye Dust Ceiling Fan | 2 Year Warranty | (Sparkle Grey & Blue)",
    "price": "₹3799",
    "originalPrice": "₹9940",
    "discount": "62% off",
    "store": "amazon",
    "image": "https://www.dealsmagnet.com/images/usha-bloom-magnolia-1250mmbee-star-rated-goodbye-d-o-1bms3bzQ.jpg",
    "dealUrl": "https://www.amazon.in/dp/B0DFQCT943?psc=1&smid=AXOGFIT0PZZ7G",
    "posted_on": "2025-06-04T16:16:14.492Z"
  },
  {
    "deal_id": "79c959ed85a8267e648f4f709a78ce3419e09b98c66ab0284ac9d39b0a618087",
    "title": "MOVE-MEANT WanderWares Small Cabin Suitcase Degree 8 Wheels Number Lock Polypropylene Trolley Bag | Luggage for Travel",
    "price": "₹1399",
    "originalPrice": "₹3999",
    "discount": "65% off",
    "store": "amazon",
    "image": "https://www.dealsmagnet.com/images/move-meant-wanderwares-small-cabin-suitcase-degree-o-1bnb1h9W.jpg",
    "dealUrl": "https://www.amazon.in/dp/B0DS2H5TNV?psc=1",
    "posted_on": "2025-06-04T16:16:14.519Z"
  },
  {
    "deal_id": "97deb6f23091a5ecac3a4409774f2d9bc66fae3811e39d0d41b56483fc336988",
    "title": "Boult Z20 Truly Wireless Bluetooth Ear Buds (Ivory White)",
    "price": "₹699",
    "originalPrice": "₹5499",
    "discount": "87% off",
    "store": "amazon",
    "image": "https://www.dealsmagnet.com/images/boult-z20-truly-wireless-bluetooth-ear-buds-ivory--o-1biSeahC.jpg",
    "dealUrl": "https://www.amazon.in/Boult-Wireless-Bluetooth-Playtime-Controls/dp/B0DSG4ZPSY",
    "posted_on": "2025-06-04T16:16:14.329Z"
  },
  {
    "deal_id": "e73c4f55e95f768b00665c2f6b35a75b2caa4012e10fa4b72209eefc60ac0692",
    "title": "Swiggy Instamart Loot : Search Boost Milkshake",
    "price": "₹0",
    "originalPrice": "0",
    "discount": " ",
    "store": "swiggy",
    "image": "https://www.dealsmagnet.com/images/swiggy-instamart-loot-search-boost-milkshake-o-1bo25bkT.jpg",
    "dealUrl": "https://www.swiggy.com/instamart/search?custom_back=true&query=Boost+Milkshake",
    "posted_on": "2025-06-04T16:16:13.667Z"
  },
  {
    "deal_id": "1e6ca9d868f98cdb7a86d723b88814e318a6781859c312b4734bff2a29e56b0b",
    "title": "Crompton Dyna Ray LED Bulb | 12W | Warm White | B22 Base | 180 Degree Coverage | 4kV Surge Protection | 440V High Voltage Protection",
    "price": "₹99",
    "originalPrice": "₹280",
    "discount": "65% off",
    "store": "amazon",
    "image": "https://www.dealsmagnet.com/images/crompton-dyna-ray-led-bulb-12w-warm-white-b22-base-o-1aGdRaws.jpg",
    "dealUrl": "https://www.amazon.in/Crompton-Dyna-Round-Warm-White/dp/B0B4WFJWJ8",
    "posted_on": "2025-06-04T16:16:24.478Z"
  },
  {
    "deal_id": "1a3ce24551c5c2cda60b37a2600956a6866c08a188dd4c6bb0e3a925c4d23711",
    "title": "wipro Garnet 10W LED Bulb for | Cool Day White (6500K) | Pack of 10",
    "price": "₹549",
    "originalPrice": "₹5500",
    "discount": "90% off",
    "store": "amazon",
    "image": "https://www.dealsmagnet.com/images/wipro-garnet-10w-led-bulb-cool-day-white-pack-of10-o-1a7bYbxb.jpg",
    "dealUrl": "https://www.amazon.in/dp/B01L9SK4QG/ref=sw_img_1?smid=A2AL6IVND0I91F",
    "posted_on": "2025-06-04T16:16:25.560Z"
  },
  {
    "deal_id": "fdbc36d92dcbd24e5e70fbcf76199ba765d849cb4fec87999d38a952e933bc49",
    "title": "Havells 400mm Swing Pedestal Fan",
    "price": "₹2079",
    "originalPrice": "₹3425",
    "discount": "39% off",
    "store": "amazon",
    "image": "https://www.dealsmagnet.com/images/havells-400mm-swing-pedestal-fan-o-1althjjF.jpg",
    "dealUrl": "https://www.amazon.in/dp/B00B4BC5MU",
    "posted_on": "2025-06-04T16:16:25.501Z"
  },
  {
    "deal_id": "296a3d6ae389e2821a95ace67a26b66427eaaab41ceb908659bfa395bcb3aef0",
    "title": "Santoor Brightening Shower Gel Natural Saffron & Marigold Extracts| 500ml",
    "price": "₹165",
    "originalPrice": "₹350",
    "discount": "53% off",
    "store": "amazon",
    "image": "https://www.dealsmagnet.com/images/santoor-brightening-shower-gel-natural-saffron-mar-o-1a796nBZ.jpg",
    "dealUrl": "https://www.amazon.in/Brightening-Marigold-Extracts-Suitable-Silicones/dp/B0CQYG22TN",
    "posted_on": "2025-06-04T16:16:25.091Z"
  },
  {
    "deal_id": "41801ecc16884e803c1c5ee8c37c8a25b9b4d072ddaa17d3adc192aac9a9f29c",
    "title": "Havells 1200mm Leganza ES 4B Ceiling Fan | Best fan in 4 Blade, Premium Finish Deco. Fan, 2 Year Warranty | (Pack of 2, Pearl White Silver)",
    "price": "₹5499",
    "originalPrice": "₹12520",
    "discount": "56% off",
    "store": "amazon",
    "image": "https://www.dealsmagnet.com/images/havells-1200mm-leganza-es-4b-ceiling-fan-best-fan--o-1agYM8NA.jpg",
    "dealUrl": "https://www.amazon.in/dp/B0CKZCN25N?smid=AXOGFIT0PZZ7G",
    "posted_on": "2025-06-04T16:16:25.305Z"
  },
  {
    "deal_id": "d513f818f5c88f465560d928407945f61c6cd3153db1e48fa7c3f586a474ad2b",
    "title": "Safari Flash School Backpack Bag for Boys and Girls",
    "price": "₹432",
    "originalPrice": "₹2599",
    "discount": "83% off",
    "store": "amazon",
    "image": "https://www.dealsmagnet.com/images/safari-flash-school-backpack-bag-for-boys-and-girl-o-1bnb94LM.jpg",
    "dealUrl": "https://www.amazon.in/dp/B097B3MMCD",
    "posted_on": "2025-06-04T16:16:36.314Z"
  },
  {
    "deal_id": "1ba6ec3dfaf62041ca1127a3a840a24f35b4bb61d3b47d58c33293013e46c627",
    "title": "[Extra Rs 3750 Off] Hitachi 1.5 Ton Class 5 Star, Inverter Split AC (100% Copper, Dust Filter,5400STXL RAS.G518PCCIBT, White)",
    "price": "₹40740",
    "originalPrice": "₹75850",
    "discount": "46% off",
    "store": "amazon",
    "image": "https://www.dealsmagnet.com/images/hitachi-1-5-ton-class-5-star-4-way-swing-ice-clean-o-1bdfWr70.jpg",
    "dealUrl": "https://www.amazon.in/Hitachi-Xpandable-Inverter-5400STXL-RAS-G518PCCIBT/dp/B0DQTDJ5MD",
    "posted_on": "2025-06-04T16:16:38.015Z"
  },
  {
    "deal_id": "6bfad9a6ef5edc2ae75bd1e4d923d8fadf7cf5f34e8da04d3434f95c558aa7a8",
    "title": "Myntra : Levis Men's Shirts at Starts At ₹695 | Upto 71% Off",
    "price": "₹0",
    "originalPrice": "0",
    "discount": " ",
    "store": "myntra",
    "image": "https://www.dealsmagnet.com/images/levis-mens-shirts-at-starts-at-659-upto-70-off-o-1bmUUkrN.jpg",
    "dealUrl": "https://www.myntra.com/levis?f=Categories%3AShirts%3A%3AGender%3Amen%2Cmen+women&rf=Discount+Range%3A70.0_100.0_70.0+TO+100.0&sort=discount&admitad_uid=80be4132189bb9f8aa10ffebc7883213&tagtag_uid=80be4132189bb9f8aa10ffebc7883213",
    "posted_on": "2025-06-04T16:16:37.670Z"
  },
  {
    "deal_id": "86f2819824abce818e216fa106ad67aada8d9123887fb1c7fa8556cef9475918",
    "title": "HELLCAT Boys Dress Clothing Set Combo with Tshirts & Shorts - Pack 3",
    "price": "₹616",
    "originalPrice": "₹4497",
    "discount": "86% off",
    "store": "amazon",
    "image": "https://www.dealsmagnet.com/images/hellcat-boys-dress-clothing-set-combo-with-tshirts-o-1bo1UcWH.jpg",
    "dealUrl": "https://www.amazon.in/HELLCAT-Dress-Clothing-Tshirts-Shorts/dp/B0CYBQY9QC?psc=1",
    "posted_on": "2025-06-04T16:16:37.012Z"
  },
  {
    "deal_id": "0181a78accfb410ba612b9af83ee0680188aadbe927d5525bbaaf82d2f27d8b9",
    "title": "UPTO 74% OFF ON CELLO OPALWARE DINNER SET | STARTS AT RS 99",
    "price": "₹0",
    "originalPrice": "0",
    "discount": " ",
    "store": "myntra",
    "image": "https://www.dealsmagnet.com/images/cello-opalware-dinner-set-upto-71-off-starting-fro-o-1aR0Q8fh.jpg",
    "dealUrl": "https://www.myntra.com/cello?f=Categories%3ADinner+Set&rawQuery=Cello&sort=discount&admitad_uid=888f7c36d32fe73157aa941744594f17&tagtag_uid=888f7c36d32fe73157aa941744594f17",
    "posted_on": "2025-06-04T16:16:35.221Z"
  },
  {
    "deal_id": "a3ae74f87da029119fc8083a665e2ad0ec888b5691130bec71e8ed1d2fe948cb",
    "title": "Larah by BOROSIL Halo Jupiter White& Yellow 17 Pcs Opalware Crocker Dinner Set",
    "price": "₹699",
    "originalPrice": "₹2625",
    "discount": "73% off",
    "store": "myntra",
    "image": "https://www.dealsmagnet.com/images/larah-by-borosil-halo-jupiter-white-yellow-17-pcs--o-1aEmRg06.jpg",
    "dealUrl": "https://www.myntra.com/dinner-set/larah+by+borosil/larah-by-borosil-halo--jupiter-white-yellow-17-pcs-opalware-crocker-dinner-set/29417314/buy?admitad_uid=8c9313b8c374465e4dfa7e477a4feb52&tagtag_uid=8c9313b8c374465e4dfa7e477a4feb52",
    "posted_on": "2025-06-04T16:16:40.516Z"
  },
  {
    "deal_id": "56b1d13caa6e0ee275984387fb4874d1218f392761356518ef2e51405140b2fd",
    "title": "Longway Kwid Light Weight Non-Stick Teflon Coated Dry Iron, Electric Iron for Clothes | 1 Year Warranty| (1100 Watt, Black)",
    "price": "₹389",
    "originalPrice": "₹879",
    "discount": "56% off",
    "store": "amazon",
    "image": "https://www.dealsmagnet.com/images/longway-kwid-light-weight-non-stick-teflon-coated--o-19scQ566.jpg",
    "dealUrl": "https://www.amazon.in/Longway-Kwid-Light-Weight-Watts/dp/B0C33BN4J5",
    "posted_on": "2025-06-04T16:16:43.367Z"
  },
  {
    "deal_id": "db1d0d8e1f0b0ffea900288812e7f853e4ed74b3af509e93eeb818e6e9b785cd",
    "title": "Classic Idly Rava by Flipkart Grocery (Suji)  (1 kg)",
    "price": "₹1",
    "originalPrice": "₹85",
    "discount": "99% off",
    "store": "flipkart",
    "image": "https://www.dealsmagnet.com/images/classic-idly-rava-by-flipkart-grocery-suji-1-kg-o-1bo1RpCz.jpg",
    "dealUrl": "https://www.flipkart.com/flipkart/p/item?pid=FLRGRFDXXD4JW2SS&lid=LSTFLRGRFDXXD4JW2SSVUNRIU",
    "posted_on": "2025-06-04T16:16:42.936Z"
  },
  {
    "deal_id": "faf2df37b2c9a6f35ebcf66e817fd54b423da880047c45dd674b82e20983e791",
    "title": "Lenovo Legion K510 Mini Pro Gaming Keyboard | Black + Traslusent",
    "price": "₹4999",
    "originalPrice": "₹9390",
    "discount": "47% off",
    "store": "amazon",
    "image": "https://www.dealsmagnet.com/images/lenovo-legion-k510-mini-pro-gaming-keyboard-black--o-1bo1Qejd.jpg",
    "dealUrl": "https://www.amazon.in/dp/B0DKP36QMW",
    "posted_on": "2025-06-04T16:16:47.074Z"
  },
  {
    "deal_id": "cdce463a29ea3a791188ad54c6be63325719e1794b14b17d8136664b738ef252",
    "title": "Myntra : Rare Rabbit Blazers Upto 56% Off | Starts At Rs 2319",
    "price": "₹0",
    "originalPrice": "0",
    "discount": " ",
    "store": "myntra",
    "image": "https://www.dealsmagnet.com/images/rare-rabbit-blazers-upto-56-off-starts-at-rs-2319-o-1bo1OlCY.jpg",
    "dealUrl": "https://www.myntra.com/rare-rabbit-blazers?sort=price_asc&admitad_uid=53b373728d4328b7a25da89970e34b21&tagtag_uid=53b373728d4328b7a25da89970e34b21",
    "posted_on": "2025-06-04T16:16:42.582Z"
  },
  {
    "deal_id": "fd531101b949ccc82955475d021c9d055a47af1c761db3c59cec67d72a82f95a",
    "title": "Zebronics ZEB-LPC88A Laser Toner Printer Cartridge for HP Laser Jet P1007/P1008/P1106/P1108",
    "price": "₹399",
    "originalPrice": "₹1199",
    "discount": "67% off",
    "store": "amazon",
    "image": "https://www.dealsmagnet.com/images/zebronics-zeb-lpc88a-laser-toner-printer-cartridge-o-160hjh7z.jpg",
    "dealUrl": "https://www.amazon.in/Zebronics-ZEB-LPC88A-Laser-Toner-Cartridge/dp/B08MC2RWRS",
    "posted_on": "2025-06-04T16:16:49.104Z"
  },
  {
    "deal_id": "9fc7e6d8f9c5682a8b02c53529c7deb08ab57c702cc8d0f4a22c4b1eb6ae8024",
    "title": "Hitage HB-143+ Flower Series Tangle Free with Mic Wired Headset (Yellow, in The Ear)",
    "price": "₹153",
    "originalPrice": "₹699",
    "discount": "78% off",
    "store": "amazon",
    "image": "https://www.dealsmagnet.com/images/hitage-hb-143-flower-series-tangle-free-with-mic-w-o-1bo1Na8k.jpg",
    "dealUrl": "https://www.amazon.in/dp/B0BG87RKHR",
    "posted_on": "2025-06-04T16:16:50.775Z"
  },
  {
    "deal_id": "97c60d57b100ce49ff43fde7ba5b8796d51c89b31aab145a31e7b02e4e34f396",
    "title": "Swiggy Instamart Loot : Kellogg's Rolled Oats 2 Kg",
    "price": "₹80",
    "originalPrice": "₹399",
    "discount": "80% off",
    "store": "swiggy",
    "image": "https://www.dealsmagnet.com/images/kelloggs-rolled-oats-2-kg-o-1bo1LaRA.jpg",
    "dealUrl": "https://www.swiggy.com/stores/instamart/item/VINEZAJG1E",
    "posted_on": "2025-06-04T16:16:50.093Z"
  },
  {
    "deal_id": "630cbc7266d11d89a312eda040ffa965c72b00a2c412c2281c7f3a777b869507",
    "title": "PHILIPS 4W LED Downlighter for Ceiling Pack of 4",
    "price": "₹399",
    "originalPrice": "₹2340",
    "discount": "83% off",
    "store": "amazon",
    "image": "https://www.dealsmagnet.com/images/philips-4w-led-downlighter-for-ceiling-ceiling-sec-o-1bkcc8Pk.jpg",
    "dealUrl": "https://www.amazon.in/dp/B0CQ85LT61",
    "posted_on": "2025-06-04T16:16:51.941Z"
  }
]